lead_id,created_date,lead_source,industry,company_size,region,lead_status
LD-0001,2024-06-25,Outbound SDR,Manufacturing,51-200,North America,Contacted
LD-0002,2025-11-08,Paid Ads,HealthTech,11-50,North America,Disqualified
LD-0003,2024-11-03,Event,Professional Services,201-1000,EMEA,New
LD-0004,2025-11-01,Outbound SDR,E-Commerce,11-50,North America,New
LD-0005,2025-07-17,Organic Search,SaaS,51-200,North America,Qualified
LD-0006,2024-10-26,Partner,Professional Services,1-10,EMEA,Qualified
LD-0007,2025-05-09,Outbound SDR,HealthTech,11-50,EMEA,Contacted
LD-0008,2024-06-27,Outbound SDR,SaaS,1-10,APAC,Qualified
LD-0009,2025-10-25,Organic Search,SaaS,1-10,APAC,Disqualified
LD-0010,2025-01-08,Paid Ads,E-Commerce,51-200,APAC,Qualified
LD-0011,2025-03-07,Paid Ads,SaaS,11-50,APAC,Disqualified
LD-0012,2024-09-23,Partner,FinTech,1-10,EMEA,Qualified
LD-0013,2025-02-22,Outbound SDR,SaaS,201-1000,North America,Qualified
LD-0014,2025-03-16,Event,HealthTech,1-10,EMEA,Contacted
LD-0015,2024-11-11,Paid Ads,FinTech,51-200,North America,New
LD-0016,2026-05-15,Organic Search,HealthTech,51-200,North America,New
LD-0017,2024-12-21,Referral,SaaS,11-50,North America,Qualified
LD-0018,2024-10-11,Organic Search,SaaS,11-50,APAC,Qualified
LD-0019,2025-07-05,Event,E-Commerce,1-10,APAC,Contacted
LD-0020,2025-01-19,Outbound SDR,FinTech,51-200,LATAM,Qualified
LD-0021,2025-04-27,Outbound SDR,E-Commerce,11-50,LATAM,New
LD-0022,2025-11-11,Paid Ads,SaaS,1-10,APAC,New
LD-0023,2024-07-28,Partner,SaaS,11-50,North America,Disqualified
LD-0024,2025-06-07,Event,SaaS,201-1000,APAC,Contacted
LD-0025,2024-06-16,Outbound SDR,HealthTech,201-1000,APAC,New
LD-0026,2024-07-03,Organic Search,FinTech,1000+,APAC,Contacted
LD-0027,2024-08-07,Referral,Manufacturing,51-200,North America,Contacted
LD-0028,2024-09-26,Organic Search,FinTech,51-200,North America,Qualified
LD-0029,2025-02-10,Organic Search,HealthTech,11-50,LATAM,Disqualified
LD-0030,2026-04-13,Outbound SDR,E-Commerce,201-1000,North America,Qualified
LD-0031,2026-03-23,Outbound SDR,SaaS,11-50,North America,Qualified
LD-0032,2024-08-15,Partner,HealthTech,11-50,North America,Contacted
LD-0033,2026-05-24,Paid Ads,FinTech,51-200,North America,Contacted
LD-0034,2025-09-06,Paid Ads,FinTech,51-200,North America,Contacted
LD-0035,2025-07-09,Referral,SaaS,1-10,LATAM,New
LD-0036,2025-12-30,Organic Search,Manufacturing,11-50,APAC,Disqualified
LD-0037,2025-05-20,Organic Search,Professional Services,11-50,APAC,Contacted
LD-0038,2024-12-11,Referral,SaaS,201-1000,North America,Contacted
LD-0039,2025-06-22,Organic Search,E-Commerce,11-50,North America,New
LD-0040,2025-11-11,Outbound SDR,Manufacturing,201-1000,North America,Qualified
LD-0041,2025-10-11,Paid Ads,FinTech,11-50,North America,New
LD-0042,2024-10-02,Event,Manufacturing,51-200,North America,Contacted
LD-0043,2026-04-15,Outbound SDR,E-Commerce,1-10,APAC,Disqualified
LD-0044,2024-12-25,Paid Ads,Professional Services,201-1000,LATAM,Contacted
LD-0045,2026-01-19,Event,Professional Services,11-50,EMEA,Disqualified
LD-0046,2025-01-14,Event,SaaS,11-50,North America,New
LD-0047,2024-07-17,Paid Ads,HealthTech,11-50,North America,Qualified
LD-0048,2026-05-28,Paid Ads,HealthTech,11-50,North America,Disqualified
LD-0049,2025-08-04,Outbound SDR,SaaS,11-50,North America,Contacted
LD-0050,2024-11-04,Organic Search,FinTech,51-200,EMEA,Qualified
LD-0051,2024-06-01,Organic Search,Professional Services,1000+,North America,Contacted
LD-0052,2024-09-03,Organic Search,SaaS,51-200,EMEA,Qualified
LD-0053,2024-10-02,Outbound SDR,HealthTech,51-200,APAC,Disqualified
LD-0054,2026-04-06,Outbound SDR,Manufacturing,11-50,North America,Qualified
LD-0055,2024-10-08,Outbound SDR,FinTech,201-1000,North America,Disqualified
LD-0056,2024-09-27,Outbound SDR,HealthTech,201-1000,North America,Qualified
LD-0057,2026-02-01,Paid Ads,Professional Services,11-50,North America,Contacted
LD-0058,2026-03-03,Referral,HealthTech,1000+,EMEA,Contacted
LD-0059,2024-10-31,Organic Search,SaaS,11-50,APAC,Qualified
LD-0060,2025-09-18,Organic Search,SaaS,201-1000,APAC,Disqualified
LD-0061,2025-06-25,Outbound SDR,Professional Services,1000+,EMEA,Qualified
LD-0062,2025-07-26,Referral,SaaS,51-200,North America,New
LD-0063,2025-01-13,Referral,HealthTech,1-10,North America,Contacted
LD-0064,2025-11-30,Outbound SDR,SaaS,51-200,North America,Qualified
LD-0065,2026-03-05,Outbound SDR,FinTech,1-10,North America,Disqualified
LD-0066,2025-11-12,Referral,Professional Services,201-1000,APAC,New
LD-0067,2026-03-21,Referral,HealthTech,11-50,EMEA,New
LD-0068,2024-08-20,Paid Ads,Professional Services,51-200,North America,Contacted
LD-0069,2025-09-22,Organic Search,SaaS,201-1000,North America,New
LD-0070,2026-05-30,Paid Ads,HealthTech,1-10,North America,Disqualified
LD-0071,2025-06-26,Organic Search,Manufacturing,11-50,APAC,Contacted
LD-0072,2026-04-18,Paid Ads,HealthTech,51-200,North America,Contacted
LD-0073,2025-02-09,Event,SaaS,11-50,North America,New
LD-0074,2026-03-16,Organic Search,Manufacturing,1-10,North America,Contacted
LD-0075,2026-04-16,Organic Search,FinTech,1-10,APAC,Disqualified
LD-0076,2025-08-28,Paid Ads,HealthTech,11-50,EMEA,Contacted
LD-0077,2025-10-27,Paid Ads,Professional Services,51-200,EMEA,New
LD-0078,2025-06-17,Outbound SDR,SaaS,51-200,North America,New
LD-0079,2025-01-18,Referral,FinTech,1-10,North America,Disqualified
LD-0080,2025-06-26,Outbound SDR,SaaS,11-50,APAC,Disqualified
LD-0081,2026-05-03,Outbound SDR,FinTech,11-50,North America,New
LD-0082,2024-06-11,Paid Ads,SaaS,11-50,North America,Qualified
LD-0083,2024-10-28,Event,E-Commerce,51-200,EMEA,New
LD-0084,2025-05-31,Organic Search,SaaS,11-50,North America,Contacted
LD-0085,2025-02-03,Organic Search,E-Commerce,51-200,North America,New
LD-0086,2025-08-29,Organic Search,SaaS,201-1000,APAC,Qualified
LD-0087,2025-02-18,Outbound SDR,FinTech,51-200,EMEA,Disqualified
LD-0088,2025-09-24,Referral,FinTech,51-200,North America,New
LD-0089,2024-08-17,Organic Search,E-Commerce,1-10,North America,Contacted
LD-0090,2025-01-29,Referral,HealthTech,1-10,EMEA,New
LD-0091,2025-10-19,Organic Search,FinTech,1-10,North America,Contacted
LD-0092,2025-05-10,Outbound SDR,Manufacturing,51-200,North America,New
LD-0093,2025-11-03,Paid Ads,HealthTech,201-1000,EMEA,New
LD-0094,2025-09-07,Paid Ads,SaaS,1-10,EMEA,Disqualified
LD-0095,2025-01-26,Paid Ads,Professional Services,1-10,LATAM,New
LD-0096,2025-04-09,Outbound SDR,FinTech,11-50,North America,Disqualified
LD-0097,2026-05-05,Paid Ads,SaaS,51-200,North America,New
LD-0098,2026-05-03,Organic Search,HealthTech,51-200,EMEA,Contacted
LD-0099,2024-06-26,Organic Search,SaaS,51-200,EMEA,Contacted
LD-0100,2025-10-28,Partner,SaaS,201-1000,North America,Disqualified
LD-0101,2025-05-24,Event,Manufacturing,11-50,EMEA,New
LD-0102,2024-06-01,Outbound SDR,SaaS,51-200,North America,New
LD-0103,2025-09-06,Paid Ads,Manufacturing,51-200,APAC,Qualified
LD-0104,2024-06-17,Partner,Professional Services,11-50,APAC,Qualified
LD-0105,2025-01-19,Outbound SDR,E-Commerce,201-1000,North America,Qualified
LD-0106,2025-10-17,Outbound SDR,E-Commerce,1-10,LATAM,New
LD-0107,2026-01-14,Paid Ads,E-Commerce,51-200,LATAM,New
LD-0108,2025-03-28,Paid Ads,Professional Services,51-200,North America,Qualified
LD-0109,2026-01-11,Organic Search,FinTech,201-1000,North America,Qualified
LD-0110,2026-02-02,Event,SaaS,11-50,EMEA,Qualified
LD-0111,2025-04-23,Paid Ads,HealthTech,11-50,North America,Contacted
LD-0112,2024-10-05,Organic Search,HealthTech,201-1000,North America,New
LD-0113,2025-09-24,Paid Ads,SaaS,51-200,North America,Disqualified
LD-0114,2024-06-11,Referral,E-Commerce,11-50,LATAM,Qualified
LD-0115,2026-03-14,Organic Search,SaaS,51-200,North America,New
LD-0116,2025-03-10,Event,Professional Services,11-50,APAC,Disqualified
LD-0117,2025-12-07,Outbound SDR,SaaS,51-200,North America,Qualified
LD-0118,2025-11-19,Outbound SDR,SaaS,201-1000,North America,Contacted
LD-0119,2025-05-11,Paid Ads,SaaS,11-50,APAC,Contacted
LD-0120,2026-05-10,Outbound SDR,SaaS,11-50,North America,Qualified
LD-0121,2026-01-02,Referral,SaaS,1000+,North America,Contacted
LD-0122,2026-03-07,Outbound SDR,SaaS,201-1000,North America,Contacted
LD-0123,2024-08-08,Organic Search,SaaS,201-1000,EMEA,Qualified
LD-0124,2025-05-19,Paid Ads,SaaS,11-50,North America,New
LD-0125,2026-04-25,Organic Search,FinTech,1000+,North America,Disqualified
LD-0126,2026-01-14,Referral,FinTech,1-10,North America,Contacted
LD-0127,2025-04-28,Paid Ads,FinTech,11-50,North America,Contacted
LD-0128,2024-07-22,Organic Search,FinTech,11-50,North America,Qualified
LD-0129,2024-12-23,Organic Search,SaaS,201-1000,EMEA,Qualified
LD-0130,2025-07-23,Referral,SaaS,201-1000,North America,Contacted
LD-0131,2025-09-11,Organic Search,SaaS,51-200,North America,Qualified
LD-0132,2026-04-05,Partner,Manufacturing,51-200,EMEA,Disqualified
LD-0133,2024-08-07,Referral,Professional Services,11-50,EMEA,Qualified
LD-0134,2025-03-16,Paid Ads,Professional Services,11-50,North America,Qualified
LD-0135,2024-12-16,Referral,HealthTech,11-50,North America,New
LD-0136,2026-05-01,Organic Search,HealthTech,1-10,North America,Contacted
LD-0137,2024-09-30,Partner,FinTech,11-50,LATAM,Contacted
LD-0138,2024-11-08,Referral,Manufacturing,201-1000,North America,New
LD-0139,2025-01-04,Outbound SDR,Manufacturing,51-200,North America,Qualified
LD-0140,2024-08-17,Organic Search,Manufacturing,201-1000,North America,Contacted
LD-0141,2025-09-13,Referral,Professional Services,11-50,North America,Contacted
LD-0142,2025-06-18,Referral,FinTech,51-200,North America,New
LD-0143,2025-07-12,Partner,Manufacturing,1-10,North America,Contacted
LD-0144,2026-03-24,Referral,Manufacturing,11-50,EMEA,Contacted
LD-0145,2025-04-12,Referral,FinTech,11-50,EMEA,Qualified
LD-0146,2025-01-13,Paid Ads,Professional Services,11-50,EMEA,Qualified
LD-0147,2025-03-01,Paid Ads,SaaS,1-10,APAC,New
LD-0148,2026-01-05,Referral,Professional Services,51-200,North America,New
LD-0149,2025-06-21,Paid Ads,Manufacturing,11-50,APAC,Qualified
LD-0150,2024-10-02,Organic Search,SaaS,11-50,EMEA,New
LD-0151,2025-10-16,Event,E-Commerce,11-50,APAC,Contacted
LD-0152,2025-11-26,Event,SaaS,51-200,EMEA,Contacted
LD-0153,2024-11-30,Organic Search,Manufacturing,11-50,North America,Contacted
LD-0154,2025-07-12,Referral,Manufacturing,11-50,North America,Disqualified
LD-0155,2025-07-16,Organic Search,E-Commerce,51-200,North America,Qualified
LD-0156,2024-10-06,Outbound SDR,Manufacturing,1-10,North America,Disqualified
LD-0157,2024-06-07,Paid Ads,SaaS,201-1000,North America,Disqualified
LD-0158,2025-11-06,Outbound SDR,SaaS,1-10,North America,New
LD-0159,2025-08-23,Outbound SDR,FinTech,11-50,North America,New
LD-0160,2025-11-03,Outbound SDR,SaaS,1-10,LATAM,Contacted
LD-0161,2025-03-03,Organic Search,HealthTech,51-200,EMEA,Contacted
LD-0162,2025-06-11,Event,SaaS,11-50,EMEA,Contacted
LD-0163,2026-05-17,Organic Search,FinTech,201-1000,North America,New
LD-0164,2024-11-12,Organic Search,FinTech,11-50,EMEA,New
LD-0165,2025-09-19,Referral,Professional Services,51-200,APAC,Contacted
LD-0166,2024-09-05,Paid Ads,SaaS,11-50,EMEA,Qualified
LD-0167,2024-07-18,Event,Professional Services,1-10,EMEA,Qualified
LD-0168,2026-04-29,Event,FinTech,11-50,EMEA,Disqualified
LD-0169,2024-09-03,Paid Ads,FinTech,51-200,North America,New
LD-0170,2025-09-22,Partner,HealthTech,11-50,EMEA,Contacted
LD-0171,2025-06-10,Paid Ads,FinTech,1000+,LATAM,Disqualified
LD-0172,2026-01-11,Referral,SaaS,51-200,North America,Qualified
LD-0173,2025-07-04,Paid Ads,HealthTech,1000+,North America,Qualified
LD-0174,2025-10-22,Partner,SaaS,11-50,North America,Contacted
LD-0175,2026-03-14,Organic Search,FinTech,201-1000,North America,New
LD-0176,2026-01-26,Organic Search,HealthTech,51-200,LATAM,Disqualified
LD-0177,2025-11-09,Paid Ads,FinTech,51-200,EMEA,Qualified
LD-0178,2024-09-27,Partner,Manufacturing,1000+,North America,Contacted
LD-0179,2024-10-02,Event,SaaS,51-200,North America,Contacted
LD-0180,2025-05-29,Outbound SDR,Professional Services,201-1000,North America,Contacted
LD-0181,2025-09-24,Event,Manufacturing,51-200,North America,New
LD-0182,2025-09-30,Event,Professional Services,1-10,EMEA,Qualified
LD-0183,2025-12-26,Referral,Manufacturing,51-200,APAC,Contacted
LD-0184,2024-08-15,Paid Ads,SaaS,11-50,EMEA,New
LD-0185,2024-10-05,Outbound SDR,HealthTech,201-1000,North America,Contacted
LD-0186,2024-09-18,Outbound SDR,SaaS,201-1000,EMEA,Disqualified
LD-0187,2025-06-30,Paid Ads,Manufacturing,1-10,EMEA,Contacted
LD-0188,2025-09-06,Organic Search,E-Commerce,1-10,North America,Contacted
LD-0189,2024-08-24,Outbound SDR,SaaS,1-10,EMEA,Qualified
LD-0190,2026-02-24,Paid Ads,Professional Services,11-50,EMEA,Qualified
LD-0191,2025-01-08,Partner,SaaS,1-10,APAC,Qualified
LD-0192,2025-09-25,Paid Ads,HealthTech,51-200,North America,Disqualified
LD-0193,2025-11-30,Organic Search,E-Commerce,51-200,North America,New
LD-0194,2024-06-27,Event,SaaS,201-1000,EMEA,Disqualified
LD-0195,2026-02-21,Organic Search,E-Commerce,11-50,North America,Disqualified
LD-0196,2026-05-09,Organic Search,Manufacturing,11-50,North America,Contacted
LD-0197,2026-04-30,Referral,SaaS,1-10,APAC,Qualified
LD-0198,2024-09-10,Event,HealthTech,201-1000,North America,New
LD-0199,2025-03-14,Organic Search,SaaS,1-10,North America,Contacted
LD-0200,2024-11-17,Paid Ads,E-Commerce,1-10,LATAM,New
LD-0201,2025-04-25,Outbound SDR,SaaS,1-10,EMEA,New
LD-0202,2026-05-12,Partner,Professional Services,201-1000,EMEA,Disqualified
LD-0203,2025-12-09,Referral,Professional Services,1-10,EMEA,New
LD-0204,2025-12-15,Organic Search,SaaS,51-200,North America,Qualified
LD-0205,2025-04-04,Organic Search,FinTech,51-200,North America,Contacted
LD-0206,2026-04-14,Organic Search,E-Commerce,51-200,EMEA,Contacted
LD-0207,2026-04-02,Organic Search,E-Commerce,1-10,North America,Contacted
LD-0208,2026-01-10,Outbound SDR,HealthTech,1-10,North America,Contacted
LD-0209,2026-01-15,Organic Search,SaaS,11-50,North America,Qualified
LD-0210,2025-09-19,Referral,SaaS,1-10,APAC,Disqualified
LD-0211,2024-08-09,Outbound SDR,Professional Services,51-200,North America,Contacted
LD-0212,2024-12-25,Referral,HealthTech,11-50,APAC,Disqualified
LD-0213,2025-12-13,Organic Search,Professional Services,11-50,North America,Qualified
LD-0214,2025-01-25,Event,HealthTech,1-10,EMEA,Qualified
LD-0215,2024-10-04,Outbound SDR,Professional Services,51-200,North America,New
LD-0216,2026-04-22,Outbound SDR,SaaS,1-10,North America,New
LD-0217,2025-05-23,Organic Search,SaaS,51-200,EMEA,Disqualified
LD-0218,2026-02-18,Organic Search,Professional Services,1-10,EMEA,Contacted
LD-0219,2024-12-25,Partner,Professional Services,1000+,North America,Contacted
LD-0220,2025-02-18,Paid Ads,FinTech,51-200,North America,Qualified
LD-0221,2025-02-06,Paid Ads,FinTech,1-10,North America,Contacted
LD-0222,2025-02-28,Referral,HealthTech,1-10,North America,Qualified
LD-0223,2025-04-16,Outbound SDR,FinTech,11-50,EMEA,Contacted
LD-0224,2025-01-04,Partner,SaaS,1-10,North America,Disqualified
LD-0225,2026-01-15,Paid Ads,Professional Services,1-10,EMEA,New
LD-0226,2025-01-24,Partner,SaaS,201-1000,North America,New
LD-0227,2025-04-18,Organic Search,E-Commerce,51-200,EMEA,Qualified
LD-0228,2026-02-18,Referral,SaaS,1-10,North America,New
LD-0229,2025-04-15,Outbound SDR,SaaS,51-200,North America,Disqualified
LD-0230,2024-06-08,Organic Search,E-Commerce,11-50,North America,Qualified
LD-0231,2024-06-01,Organic Search,FinTech,1000+,APAC,New
LD-0232,2025-04-14,Paid Ads,E-Commerce,1-10,EMEA,New
LD-0233,2025-09-16,Partner,SaaS,51-200,APAC,Disqualified
LD-0234,2026-04-19,Referral,Professional Services,51-200,North America,Qualified
LD-0235,2024-09-04,Partner,Manufacturing,1-10,North America,Disqualified
LD-0236,2025-07-01,Event,Professional Services,1-10,North America,New
LD-0237,2024-12-28,Referral,SaaS,11-50,North America,Disqualified
LD-0238,2025-04-25,Outbound SDR,FinTech,201-1000,EMEA,Contacted
LD-0239,2025-04-19,Organic Search,FinTech,51-200,APAC,Qualified
LD-0240,2025-01-14,Organic Search,HealthTech,51-200,EMEA,Contacted
LD-0241,2024-06-14,Event,FinTech,201-1000,EMEA,New
LD-0242,2024-07-24,Outbound SDR,SaaS,201-1000,North America,Disqualified
LD-0243,2025-06-16,Organic Search,FinTech,11-50,North America,Disqualified
LD-0244,2024-11-11,Referral,SaaS,11-50,APAC,Contacted
LD-0245,2025-01-25,Outbound SDR,FinTech,51-200,North America,Disqualified
LD-0246,2024-08-05,Event,SaaS,11-50,North America,New
LD-0247,2024-07-07,Outbound SDR,SaaS,201-1000,LATAM,New
LD-0248,2024-09-01,Paid Ads,E-Commerce,1-10,LATAM,New
LD-0249,2025-03-03,Paid Ads,FinTech,1-10,EMEA,Contacted
LD-0250,2024-09-28,Paid Ads,FinTech,201-1000,North America,New
LD-0251,2024-11-16,Outbound SDR,HealthTech,11-50,APAC,Contacted
LD-0252,2025-01-07,Event,Manufacturing,1-10,North America,New
LD-0253,2024-12-30,Paid Ads,FinTech,1-10,North America,Qualified
LD-0254,2024-06-09,Paid Ads,E-Commerce,51-200,North America,Qualified
LD-0255,2024-08-25,Organic Search,Professional Services,201-1000,APAC,Qualified
LD-0256,2026-04-24,Outbound SDR,HealthTech,1-10,APAC,New
LD-0257,2025-09-30,Event,Professional Services,1-10,EMEA,Qualified
LD-0258,2024-08-30,Organic Search,Manufacturing,11-50,North America,New
LD-0259,2024-12-24,Organic Search,SaaS,1000+,EMEA,Qualified
LD-0260,2025-03-07,Referral,FinTech,11-50,North America,Contacted
LD-0261,2026-03-23,Organic Search,E-Commerce,1000+,APAC,Contacted
LD-0262,2026-03-04,Event,Professional Services,201-1000,North America,New
LD-0263,2025-12-14,Paid Ads,HealthTech,11-50,North America,Qualified
LD-0264,2024-08-17,Organic Search,SaaS,201-1000,EMEA,Disqualified
LD-0265,2025-05-24,Partner,HealthTech,51-200,North America,Qualified
LD-0266,2025-05-19,Organic Search,SaaS,11-50,APAC,Disqualified
LD-0267,2025-09-08,Paid Ads,Manufacturing,11-50,North America,Disqualified
LD-0268,2026-02-06,Organic Search,HealthTech,201-1000,APAC,New
LD-0269,2025-01-20,Organic Search,E-Commerce,201-1000,North America,Qualified
LD-0270,2025-07-12,Organic Search,Manufacturing,51-200,North America,Contacted
LD-0271,2024-12-10,Organic Search,E-Commerce,1000+,EMEA,Contacted
LD-0272,2024-11-01,Organic Search,E-Commerce,11-50,North America,New
LD-0273,2025-01-15,Organic Search,Manufacturing,201-1000,EMEA,Disqualified
LD-0274,2025-11-19,Referral,Manufacturing,201-1000,North America,Qualified
LD-0275,2025-04-16,Outbound SDR,Manufacturing,1-10,North America,New
LD-0276,2025-10-10,Paid Ads,SaaS,1-10,EMEA,Contacted
LD-0277,2025-10-17,Paid Ads,HealthTech,11-50,North America,Contacted
LD-0278,2025-02-20,Referral,SaaS,201-1000,EMEA,Qualified
LD-0279,2026-04-28,Event,Manufacturing,11-50,APAC,Disqualified
LD-0280,2024-07-04,Event,E-Commerce,51-200,North America,Contacted
LD-0281,2026-03-16,Organic Search,FinTech,1-10,APAC,Contacted
LD-0282,2024-06-06,Organic Search,SaaS,11-50,North America,Qualified
LD-0283,2025-03-06,Organic Search,FinTech,51-200,North America,Contacted
LD-0284,2026-01-23,Paid Ads,E-Commerce,1-10,North America,Contacted
LD-0285,2025-10-12,Referral,SaaS,201-1000,APAC,New
LD-0286,2025-01-21,Paid Ads,SaaS,1-10,EMEA,New
LD-0287,2026-03-08,Organic Search,Professional Services,201-1000,EMEA,Contacted
LD-0288,2024-09-09,Paid Ads,Manufacturing,1-10,LATAM,Disqualified
LD-0289,2025-10-02,Referral,SaaS,1000+,North America,Contacted
LD-0290,2025-06-14,Organic Search,FinTech,51-200,APAC,New
LD-0291,2024-10-30,Event,Professional Services,1-10,EMEA,Qualified
LD-0292,2026-04-03,Organic Search,E-Commerce,1-10,LATAM,Disqualified
LD-0293,2025-12-11,Partner,E-Commerce,1-10,APAC,Contacted
LD-0294,2024-06-07,Organic Search,FinTech,51-200,LATAM,New
LD-0295,2024-08-03,Event,FinTech,201-1000,North America,Qualified
LD-0296,2024-07-11,Event,SaaS,11-50,APAC,Contacted
LD-0297,2025-03-30,Partner,E-Commerce,11-50,APAC,Qualified
LD-0298,2025-04-01,Event,SaaS,51-200,EMEA,New
LD-0299,2025-11-10,Outbound SDR,SaaS,51-200,North America,New
LD-0300,2025-10-06,Outbound SDR,E-Commerce,51-200,LATAM,Contacted
LD-0301,2024-06-11,Outbound SDR,Professional Services,11-50,North America,Qualified
LD-0302,2025-05-14,Organic Search,Manufacturing,51-200,EMEA,Contacted
LD-0303,2025-12-25,Referral,HealthTech,1000+,EMEA,New
LD-0304,2026-03-17,Referral,HealthTech,11-50,North America,Contacted
LD-0305,2024-12-30,Event,FinTech,1-10,EMEA,Qualified
LD-0306,2024-07-03,Referral,FinTech,1-10,North America,New
LD-0307,2024-09-20,Paid Ads,HealthTech,51-200,EMEA,Qualified
LD-0308,2025-02-03,Outbound SDR,FinTech,11-50,APAC,Qualified
LD-0309,2025-04-20,Paid Ads,E-Commerce,1000+,North America,Contacted
LD-0310,2025-02-12,Organic Search,Professional Services,51-200,EMEA,Disqualified
LD-0311,2024-08-06,Referral,Professional Services,51-200,North America,Disqualified
LD-0312,2025-02-03,Paid Ads,SaaS,201-1000,APAC,Contacted
LD-0313,2024-12-29,Organic Search,FinTech,11-50,LATAM,New
LD-0314,2025-05-22,Paid Ads,SaaS,201-1000,North America,Contacted
LD-0315,2024-07-28,Paid Ads,FinTech,1-10,EMEA,New
LD-0316,2025-12-29,Paid Ads,FinTech,51-200,EMEA,Contacted
LD-0317,2025-04-01,Paid Ads,SaaS,1000+,EMEA,Disqualified
LD-0318,2025-01-18,Outbound SDR,Manufacturing,201-1000,EMEA,Disqualified
LD-0319,2026-03-23,Paid Ads,HealthTech,201-1000,EMEA,Contacted
LD-0320,2025-11-25,Partner,Professional Services,11-50,EMEA,Contacted
LD-0321,2024-09-08,Event,SaaS,201-1000,North America,New
LD-0322,2024-09-15,Referral,SaaS,51-200,North America,Contacted
LD-0323,2024-06-02,Paid Ads,FinTech,51-200,APAC,New
LD-0324,2025-07-14,Referral,SaaS,1-10,North America,Disqualified
LD-0325,2025-02-14,Event,SaaS,1-10,EMEA,Disqualified
LD-0326,2025-03-01,Outbound SDR,Professional Services,51-200,North America,New
LD-0327,2025-06-07,Event,SaaS,1-10,APAC,Qualified
LD-0328,2025-06-29,Referral,SaaS,51-200,EMEA,Contacted
LD-0329,2024-06-01,Outbound SDR,HealthTech,201-1000,North America,Qualified
LD-0330,2024-08-18,Paid Ads,HealthTech,201-1000,North America,Contacted
LD-0331,2025-12-28,Outbound SDR,E-Commerce,1-10,North America,New
LD-0332,2026-04-27,Organic Search,FinTech,1000+,LATAM,Qualified
LD-0333,2026-02-01,Outbound SDR,Manufacturing,1-10,EMEA,New
LD-0334,2026-03-23,Event,SaaS,11-50,EMEA,Qualified
LD-0335,2025-05-04,Organic Search,FinTech,201-1000,APAC,New
LD-0336,2026-01-24,Outbound SDR,E-Commerce,1-10,North America,Qualified
LD-0337,2026-03-06,Organic Search,Manufacturing,1-10,North America,Qualified
LD-0338,2026-03-13,Outbound SDR,FinTech,1-10,North America,New
LD-0339,2024-09-17,Organic Search,HealthTech,11-50,North America,Contacted
LD-0340,2024-09-15,Partner,SaaS,201-1000,EMEA,Qualified
LD-0341,2025-03-21,Organic Search,SaaS,1-10,APAC,New
LD-0342,2025-06-03,Partner,SaaS,1-10,APAC,Contacted
LD-0343,2026-04-30,Event,E-Commerce,51-200,APAC,Qualified
LD-0344,2025-01-18,Referral,FinTech,11-50,North America,Contacted
LD-0345,2026-01-28,Outbound SDR,E-Commerce,51-200,North America,Qualified
LD-0346,2026-03-09,Outbound SDR,SaaS,1000+,EMEA,Contacted
LD-0347,2026-05-05,Partner,Manufacturing,51-200,LATAM,Qualified
LD-0348,2024-10-17,Paid Ads,Manufacturing,201-1000,EMEA,New
LD-0349,2024-11-24,Referral,SaaS,11-50,EMEA,New
LD-0350,2024-11-08,Organic Search,SaaS,201-1000,EMEA,New
LD-0351,2025-11-18,Outbound SDR,SaaS,1-10,APAC,Disqualified
LD-0352,2025-10-14,Organic Search,Manufacturing,1-10,APAC,Disqualified
LD-0353,2025-03-24,Referral,SaaS,51-200,APAC,Qualified
LD-0354,2024-08-04,Referral,HealthTech,1-10,North America,New
LD-0355,2025-06-15,Referral,FinTech,201-1000,North America,Contacted
LD-0356,2025-11-16,Referral,Manufacturing,51-200,EMEA,Qualified
LD-0357,2025-05-12,Outbound SDR,HealthTech,1000+,North America,Qualified
LD-0358,2024-12-13,Outbound SDR,HealthTech,11-50,LATAM,New
LD-0359,2025-08-06,Referral,Professional Services,11-50,EMEA,Disqualified
LD-0360,2025-09-25,Referral,SaaS,51-200,EMEA,New
LD-0361,2025-08-06,Partner,Manufacturing,11-50,North America,New
LD-0362,2026-02-27,Organic Search,SaaS,51-200,EMEA,Disqualified
LD-0363,2025-01-15,Organic Search,HealthTech,51-200,EMEA,Contacted
LD-0364,2025-08-19,Organic Search,Professional Services,1000+,North America,Contacted
LD-0365,2026-02-14,Outbound SDR,E-Commerce,51-200,APAC,Contacted
LD-0366,2024-11-03,Paid Ads,E-Commerce,1-10,North America,Disqualified
LD-0367,2024-12-23,Outbound SDR,SaaS,11-50,North America,New
LD-0368,2024-07-06,Outbound SDR,FinTech,51-200,North America,Qualified
LD-0369,2025-03-01,Paid Ads,FinTech,1-10,EMEA,Contacted
LD-0370,2024-07-03,Event,HealthTech,11-50,EMEA,New
LD-0371,2025-11-27,Outbound SDR,HealthTech,11-50,APAC,Contacted
LD-0372,2024-08-04,Paid Ads,FinTech,1-10,North America,Contacted
LD-0373,2025-10-18,Paid Ads,FinTech,11-50,LATAM,New
LD-0374,2025-07-28,Paid Ads,SaaS,1-10,EMEA,Contacted
LD-0375,2026-05-22,Organic Search,FinTech,51-200,North America,Qualified
LD-0376,2025-02-09,Organic Search,SaaS,1-10,North America,Contacted
LD-0377,2025-02-07,Partner,Professional Services,51-200,North America,Qualified
LD-0378,2024-11-25,Paid Ads,E-Commerce,1-10,APAC,Qualified
LD-0379,2025-06-27,Paid Ads,SaaS,201-1000,North America,Contacted
LD-0380,2024-11-07,Outbound SDR,E-Commerce,1-10,EMEA,Contacted
LD-0381,2024-08-22,Referral,Manufacturing,51-200,EMEA,Contacted
LD-0382,2026-04-23,Partner,SaaS,11-50,APAC,Contacted
LD-0383,2025-10-09,Outbound SDR,SaaS,11-50,EMEA,New
LD-0384,2024-08-26,Referral,SaaS,11-50,APAC,Contacted
LD-0385,2025-08-25,Paid Ads,SaaS,201-1000,North America,New
LD-0386,2025-01-09,Partner,Manufacturing,201-1000,APAC,Contacted
LD-0387,2024-10-10,Outbound SDR,Professional Services,11-50,North America,Disqualified
LD-0388,2025-05-10,Partner,SaaS,1-10,North America,Qualified
LD-0389,2025-12-27,Organic Search,Manufacturing,51-200,LATAM,Contacted
LD-0390,2024-06-01,Event,SaaS,51-200,North America,Contacted
LD-0391,2025-02-14,Outbound SDR,E-Commerce,1-10,North America,Qualified
LD-0392,2026-04-03,Organic Search,Manufacturing,51-200,EMEA,Contacted
LD-0393,2025-03-15,Referral,FinTech,11-50,North America,Contacted
LD-0394,2024-08-12,Outbound SDR,SaaS,51-200,North America,Qualified
LD-0395,2025-04-09,Organic Search,E-Commerce,11-50,EMEA,New
LD-0396,2025-10-11,Paid Ads,Professional Services,11-50,APAC,Contacted
LD-0397,2026-05-28,Event,SaaS,1-10,APAC,Contacted
LD-0398,2025-09-02,Paid Ads,SaaS,51-200,North America,Qualified
LD-0399,2024-07-07,Paid Ads,SaaS,1-10,EMEA,Disqualified
LD-0400,2026-01-11,Paid Ads,HealthTech,51-200,APAC,Qualified
LD-0401,2025-12-21,Paid Ads,E-Commerce,201-1000,North America,Contacted
LD-0402,2025-09-18,Event,Manufacturing,51-200,North America,New
LD-0403,2026-03-16,Outbound SDR,Manufacturing,1-10,North America,Qualified
LD-0404,2025-12-13,Organic Search,Professional Services,11-50,EMEA,Qualified
LD-0405,2024-11-17,Partner,Manufacturing,11-50,North America,Disqualified
LD-0406,2025-04-04,Event,SaaS,51-200,EMEA,Qualified
LD-0407,2025-06-05,Paid Ads,HealthTech,201-1000,LATAM,New
LD-0408,2025-05-23,Event,FinTech,11-50,North America,Qualified
LD-0409,2025-09-09,Organic Search,FinTech,201-1000,EMEA,Disqualified
LD-0410,2025-10-25,Partner,Professional Services,1-10,North America,Qualified
LD-0411,2024-08-15,Outbound SDR,E-Commerce,11-50,North America,Qualified
LD-0412,2025-07-20,Outbound SDR,Professional Services,1-10,APAC,Contacted
LD-0413,2024-06-29,Organic Search,FinTech,51-200,North America,Qualified
LD-0414,2025-06-08,Event,HealthTech,1-10,LATAM,Contacted
LD-0415,2025-04-04,Organic Search,HealthTech,11-50,EMEA,New
LD-0416,2024-10-28,Paid Ads,SaaS,51-200,North America,Qualified
LD-0417,2026-05-24,Organic Search,SaaS,51-200,North America,Disqualified
LD-0418,2024-12-06,Outbound SDR,HealthTech,1-10,North America,Disqualified
LD-0419,2024-07-12,Organic Search,SaaS,1-10,APAC,Contacted
LD-0420,2025-02-17,Event,Professional Services,11-50,EMEA,New
LD-0421,2025-12-05,Outbound SDR,SaaS,11-50,North America,Contacted
LD-0422,2024-06-07,Organic Search,SaaS,1-10,EMEA,Disqualified
LD-0423,2025-05-26,Organic Search,Manufacturing,51-200,EMEA,Qualified
LD-0424,2025-04-01,Organic Search,SaaS,11-50,APAC,Disqualified
LD-0425,2026-02-22,Outbound SDR,Professional Services,51-200,North America,Contacted
LD-0426,2024-06-03,Event,E-Commerce,11-50,North America,Contacted
LD-0427,2024-06-13,Organic Search,SaaS,1-10,North America,Qualified
LD-0428,2025-07-17,Event,E-Commerce,1-10,North America,New
LD-0429,2024-10-09,Organic Search,E-Commerce,11-50,EMEA,Disqualified
LD-0430,2025-10-27,Event,Manufacturing,1-10,North America,Qualified
LD-0431,2024-12-20,Partner,Manufacturing,11-50,North America,New
LD-0432,2025-07-15,Outbound SDR,E-Commerce,201-1000,North America,New
LD-0433,2024-06-28,Outbound SDR,E-Commerce,201-1000,North America,Disqualified
LD-0434,2025-10-19,Event,FinTech,11-50,APAC,Qualified
LD-0435,2025-06-13,Organic Search,E-Commerce,51-200,EMEA,Qualified
LD-0436,2024-06-01,Organic Search,Professional Services,51-200,North America,Qualified
LD-0437,2024-12-11,Organic Search,E-Commerce,201-1000,EMEA,Contacted
LD-0438,2024-07-14,Referral,E-Commerce,11-50,North America,Qualified
LD-0439,2024-07-03,Outbound SDR,FinTech,11-50,APAC,Disqualified
LD-0440,2025-10-23,Outbound SDR,Manufacturing,11-50,EMEA,New
LD-0441,2025-04-08,Event,Professional Services,1-10,EMEA,Qualified
LD-0442,2026-01-07,Organic Search,SaaS,11-50,APAC,Contacted
LD-0443,2024-12-05,Outbound SDR,SaaS,201-1000,APAC,Contacted
LD-0444,2025-11-06,Organic Search,HealthTech,201-1000,APAC,Contacted
LD-0445,2025-08-23,Paid Ads,HealthTech,1-10,North America,Disqualified
LD-0446,2025-09-27,Outbound SDR,HealthTech,11-50,North America,New
LD-0447,2026-01-25,Partner,SaaS,11-50,EMEA,Contacted
LD-0448,2025-10-29,Outbound SDR,FinTech,11-50,EMEA,Qualified
LD-0449,2025-11-26,Organic Search,E-Commerce,51-200,EMEA,New
LD-0450,2025-11-22,Outbound SDR,E-Commerce,1-10,APAC,Qualified
LD-0451,2025-04-22,Organic Search,E-Commerce,201-1000,North America,Disqualified
LD-0452,2025-11-11,Event,E-Commerce,1000+,North America,New
LD-0453,2026-02-04,Outbound SDR,E-Commerce,51-200,EMEA,New
LD-0454,2025-11-21,Organic Search,Manufacturing,51-200,North America,Disqualified
LD-0455,2025-08-18,Organic Search,E-Commerce,51-200,EMEA,New
LD-0456,2024-07-24,Organic Search,HealthTech,11-50,APAC,New
LD-0457,2025-04-15,Partner,E-Commerce,1-10,EMEA,Disqualified
LD-0458,2024-07-17,Paid Ads,SaaS,51-200,EMEA,Disqualified
LD-0459,2024-08-15,Outbound SDR,SaaS,1-10,EMEA,Qualified
LD-0460,2025-02-19,Outbound SDR,HealthTech,201-1000,EMEA,Contacted
LD-0461,2025-05-05,Referral,Professional Services,11-50,North America,Disqualified
LD-0462,2025-06-20,Organic Search,E-Commerce,11-50,EMEA,Qualified
LD-0463,2026-03-19,Partner,SaaS,11-50,EMEA,Qualified
LD-0464,2025-12-08,Paid Ads,E-Commerce,1000+,North America,Disqualified
LD-0465,2025-04-05,Referral,SaaS,1-10,EMEA,Qualified
LD-0466,2025-01-31,Outbound SDR,E-Commerce,1-10,APAC,Contacted
LD-0467,2025-11-02,Outbound SDR,Manufacturing,1-10,North America,Contacted
LD-0468,2024-12-18,Partner,E-Commerce,51-200,EMEA,Contacted
LD-0469,2026-03-07,Organic Search,E-Commerce,1000+,LATAM,Contacted
LD-0470,2025-12-22,Referral,FinTech,11-50,APAC,Contacted
LD-0471,2025-10-11,Paid Ads,HealthTech,201-1000,North America,Contacted
LD-0472,2024-11-29,Referral,Manufacturing,11-50,EMEA,Qualified
LD-0473,2025-08-28,Organic Search,E-Commerce,51-200,LATAM,Contacted
LD-0474,2026-01-20,Organic Search,HealthTech,1-10,EMEA,New
LD-0475,2024-07-23,Paid Ads,FinTech,11-50,North America,Contacted
LD-0476,2024-10-08,Paid Ads,SaaS,51-200,North America,New
LD-0477,2025-06-11,Paid Ads,SaaS,51-200,APAC,Qualified
LD-0478,2025-02-18,Outbound SDR,SaaS,11-50,North America,Contacted
LD-0479,2025-10-31,Outbound SDR,FinTech,201-1000,North America,Contacted
LD-0480,2025-03-20,Paid Ads,Professional Services,1000+,North America,Qualified
LD-0481,2026-05-28,Paid Ads,HealthTech,11-50,APAC,New
LD-0482,2025-01-05,Organic Search,SaaS,51-200,EMEA,New
LD-0483,2025-02-18,Referral,SaaS,201-1000,APAC,Qualified
LD-0484,2024-06-03,Paid Ads,FinTech,11-50,EMEA,Contacted
LD-0485,2024-11-28,Organic Search,Manufacturing,201-1000,LATAM,Qualified
LD-0486,2024-11-19,Paid Ads,FinTech,11-50,APAC,Qualified
LD-0487,2025-12-09,Referral,Manufacturing,51-200,North America,Disqualified
LD-0488,2025-02-02,Organic Search,Manufacturing,1-10,EMEA,New
LD-0489,2024-10-27,Referral,SaaS,11-50,North America,Qualified
LD-0490,2025-01-15,Referral,E-Commerce,51-200,LATAM,Qualified
LD-0491,2025-07-16,Outbound SDR,Professional Services,51-200,North America,New
LD-0492,2025-12-25,Outbound SDR,FinTech,201-1000,EMEA,Disqualified
LD-0493,2026-05-15,Outbound SDR,SaaS,1000+,APAC,Contacted
LD-0494,2024-07-05,Paid Ads,Professional Services,1-10,North America,Disqualified
LD-0495,2026-02-04,Outbound SDR,Professional Services,11-50,APAC,Qualified
LD-0496,2025-03-11,Referral,HealthTech,11-50,North America,Contacted
LD-0497,2026-01-11,Paid Ads,HealthTech,11-50,North America,New
LD-0498,2024-06-28,Outbound SDR,SaaS,11-50,EMEA,Disqualified
LD-0499,2025-08-31,Paid Ads,Manufacturing,201-1000,North America,Contacted
LD-0500,2026-04-10,Referral,HealthTech,51-200,EMEA,New
LD-0501,2024-06-29,Outbound SDR,SaaS,1-10,APAC,New
LD-0502,2025-12-29,Event,E-Commerce,11-50,North America,Qualified
LD-0503,2024-08-23,Partner,Professional Services,51-200,EMEA,New
LD-0504,2026-05-17,Referral,Manufacturing,11-50,APAC,Qualified
LD-0505,2025-11-25,Referral,SaaS,1-10,APAC,Qualified
LD-0506,2026-03-26,Outbound SDR,SaaS,11-50,North America,New
LD-0507,2026-03-17,Paid Ads,Professional Services,11-50,LATAM,Contacted
LD-0508,2025-01-17,Event,Professional Services,1-10,North America,New
LD-0509,2025-03-31,Referral,HealthTech,51-200,EMEA,Disqualified
LD-0510,2025-10-18,Organic Search,E-Commerce,11-50,EMEA,Disqualified
LD-0511,2024-10-06,Organic Search,HealthTech,51-200,APAC,Contacted
LD-0512,2025-01-10,Event,FinTech,11-50,North America,Contacted
LD-0513,2024-08-12,Organic Search,SaaS,201-1000,North America,Contacted
LD-0514,2026-03-10,Paid Ads,SaaS,1-10,APAC,Disqualified
LD-0515,2024-11-28,Paid Ads,SaaS,1-10,North America,Contacted
LD-0516,2025-03-27,Organic Search,Manufacturing,11-50,EMEA,Contacted
LD-0517,2025-04-26,Paid Ads,SaaS,11-50,EMEA,Disqualified
LD-0518,2025-03-02,Outbound SDR,SaaS,11-50,EMEA,New
LD-0519,2025-12-20,Organic Search,HealthTech,51-200,North America,Contacted
LD-0520,2026-03-29,Event,SaaS,11-50,North America,New
LD-0521,2025-07-23,Event,SaaS,1-10,LATAM,Qualified
LD-0522,2026-01-31,Paid Ads,HealthTech,11-50,North America,Contacted
LD-0523,2024-08-20,Organic Search,FinTech,51-200,North America,Disqualified
LD-0524,2026-05-06,Outbound SDR,E-Commerce,201-1000,North America,Contacted
LD-0525,2024-08-24,Organic Search,Professional Services,51-200,North America,New
LD-0526,2024-07-19,Paid Ads,SaaS,51-200,LATAM,Qualified
LD-0527,2024-06-17,Partner,Professional Services,51-200,North America,Qualified
LD-0528,2024-11-25,Partner,Professional Services,51-200,North America,Qualified
LD-0529,2026-02-01,Outbound SDR,Manufacturing,11-50,EMEA,Qualified
LD-0530,2025-01-06,Paid Ads,E-Commerce,51-200,North America,New
LD-0531,2025-12-29,Outbound SDR,E-Commerce,51-200,North America,Qualified
LD-0532,2025-04-06,Outbound SDR,E-Commerce,11-50,LATAM,New
LD-0533,2024-08-15,Paid Ads,E-Commerce,51-200,EMEA,New
LD-0534,2025-05-11,Outbound SDR,SaaS,11-50,North America,Disqualified
LD-0535,2024-11-17,Organic Search,Professional Services,11-50,North America,Qualified
LD-0536,2024-12-30,Organic Search,E-Commerce,1-10,North America,New
LD-0537,2025-06-13,Referral,Manufacturing,51-200,North America,New
LD-0538,2025-12-29,Organic Search,FinTech,201-1000,EMEA,Disqualified
LD-0539,2025-08-02,Organic Search,SaaS,1-10,EMEA,New
LD-0540,2024-11-10,Event,HealthTech,11-50,APAC,New
LD-0541,2025-11-06,Partner,HealthTech,1-10,APAC,New
LD-0542,2025-10-21,Referral,FinTech,1-10,North America,New
LD-0543,2024-11-20,Event,FinTech,1000+,LATAM,Contacted
LD-0544,2026-02-11,Partner,SaaS,11-50,EMEA,Disqualified
LD-0545,2026-02-05,Organic Search,HealthTech,11-50,North America,Contacted
LD-0546,2025-08-15,Paid Ads,FinTech,11-50,APAC,Contacted
LD-0547,2025-01-02,Paid Ads,Professional Services,1000+,North America,Qualified
LD-0548,2025-02-14,Organic Search,SaaS,11-50,EMEA,Contacted
LD-0549,2025-04-17,Outbound SDR,FinTech,51-200,EMEA,Qualified
LD-0550,2024-10-15,Paid Ads,FinTech,11-50,North America,Qualified
LD-0551,2025-01-10,Referral,HealthTech,1-10,APAC,Qualified
LD-0552,2024-09-06,Organic Search,HealthTech,51-200,North America,Qualified
LD-0553,2024-09-21,Organic Search,E-Commerce,1-10,APAC,Qualified
LD-0554,2025-11-25,Event,Professional Services,51-200,North America,Qualified
LD-0555,2024-09-02,Organic Search,FinTech,11-50,North America,Qualified
LD-0556,2025-05-08,Organic Search,E-Commerce,51-200,North America,New
LD-0557,2025-04-09,Paid Ads,SaaS,51-200,APAC,Qualified
LD-0558,2024-07-04,Referral,SaaS,51-200,North America,Qualified
LD-0559,2026-01-28,Referral,HealthTech,1-10,APAC,Contacted
LD-0560,2026-05-19,Referral,SaaS,51-200,North America,Disqualified
LD-0561,2025-09-09,Organic Search,E-Commerce,1000+,North America,Contacted
LD-0562,2025-10-03,Paid Ads,E-Commerce,11-50,North America,New
LD-0563,2024-11-17,Event,Manufacturing,11-50,North America,Disqualified
LD-0564,2026-02-06,Outbound SDR,HealthTech,201-1000,LATAM,New
LD-0565,2025-12-24,Outbound SDR,E-Commerce,1-10,North America,Contacted
LD-0566,2025-04-16,Outbound SDR,FinTech,51-200,EMEA,Contacted
LD-0567,2025-10-28,Outbound SDR,SaaS,51-200,EMEA,Disqualified
LD-0568,2026-04-28,Organic Search,SaaS,1-10,EMEA,Contacted
LD-0569,2025-08-14,Paid Ads,E-Commerce,51-200,EMEA,Qualified
LD-0570,2024-10-24,Referral,Professional Services,51-200,APAC,Qualified
LD-0571,2025-01-27,Paid Ads,SaaS,11-50,EMEA,Qualified
LD-0572,2024-10-13,Event,HealthTech,201-1000,EMEA,Disqualified
LD-0573,2025-01-28,Referral,Manufacturing,1-10,EMEA,Qualified
LD-0574,2026-03-12,Outbound SDR,Manufacturing,11-50,EMEA,Contacted
LD-0575,2024-10-17,Event,HealthTech,201-1000,North America,Disqualified
LD-0576,2026-03-13,Referral,E-Commerce,1-10,EMEA,Contacted
LD-0577,2024-12-25,Event,E-Commerce,201-1000,North America,New
LD-0578,2025-05-30,Referral,Manufacturing,1-10,APAC,New
LD-0579,2025-06-21,Event,SaaS,11-50,LATAM,Qualified
LD-0580,2024-08-31,Paid Ads,Professional Services,1-10,LATAM,New
LD-0581,2024-10-13,Referral,SaaS,51-200,APAC,Qualified
LD-0582,2025-01-09,Referral,Manufacturing,201-1000,EMEA,Contacted
LD-0583,2024-07-14,Organic Search,SaaS,201-1000,APAC,Contacted
LD-0584,2025-12-02,Paid Ads,SaaS,1000+,North America,New
LD-0585,2025-07-04,Event,SaaS,51-200,EMEA,Disqualified
LD-0586,2026-02-07,Outbound SDR,HealthTech,51-200,North America,Contacted
LD-0587,2026-02-20,Organic Search,FinTech,11-50,North America,New
LD-0588,2025-02-09,Paid Ads,SaaS,201-1000,LATAM,Contacted
LD-0589,2026-01-17,Organic Search,HealthTech,51-200,APAC,Contacted
LD-0590,2024-07-15,Organic Search,FinTech,201-1000,EMEA,Qualified
LD-0591,2025-04-10,Partner,Manufacturing,11-50,North America,Contacted
LD-0592,2025-09-29,Paid Ads,Professional Services,11-50,EMEA,New
LD-0593,2025-05-06,Paid Ads,E-Commerce,51-200,North America,Disqualified
LD-0594,2025-11-22,Referral,SaaS,1-10,APAC,Contacted
LD-0595,2026-02-16,Organic Search,FinTech,1-10,LATAM,New
LD-0596,2025-04-06,Paid Ads,Professional Services,1000+,North America,Qualified
LD-0597,2024-12-18,Outbound SDR,SaaS,11-50,North America,Qualified
LD-0598,2025-07-31,Outbound SDR,FinTech,1-10,North America,Qualified
LD-0599,2026-02-24,Partner,Professional Services,11-50,North America,Contacted
LD-0600,2026-05-21,Outbound SDR,Professional Services,11-50,North America,Contacted
LD-0601,2026-01-16,Referral,FinTech,51-200,North America,Contacted
LD-0602,2024-11-26,Outbound SDR,E-Commerce,201-1000,North America,New
LD-0603,2024-10-28,Event,HealthTech,1000+,North America,Contacted
LD-0604,2025-07-23,Outbound SDR,Manufacturing,51-200,North America,Disqualified
LD-0605,2025-03-21,Partner,SaaS,51-200,EMEA,Qualified
LD-0606,2025-08-20,Outbound SDR,SaaS,11-50,North America,Contacted
LD-0607,2026-04-05,Event,E-Commerce,201-1000,APAC,New
LD-0608,2025-07-06,Organic Search,SaaS,1-10,North America,Qualified
LD-0609,2025-02-15,Outbound SDR,E-Commerce,1-10,North America,New
LD-0610,2026-02-24,Paid Ads,FinTech,1000+,North America,New
LD-0611,2025-04-17,Referral,Professional Services,201-1000,EMEA,New
LD-0612,2025-08-16,Outbound SDR,Manufacturing,11-50,North America,Qualified
LD-0613,2024-09-07,Partner,HealthTech,51-200,EMEA,Qualified
LD-0614,2025-06-06,Partner,Manufacturing,11-50,North America,New
LD-0615,2025-04-07,Paid Ads,SaaS,11-50,LATAM,New
LD-0616,2024-08-29,Outbound SDR,HealthTech,11-50,North America,Qualified
LD-0617,2024-11-02,Outbound SDR,SaaS,1-10,North America,Contacted
LD-0618,2025-10-26,Paid Ads,Manufacturing,51-200,APAC,Qualified
LD-0619,2024-10-10,Organic Search,Manufacturing,11-50,North America,New
LD-0620,2024-09-05,Organic Search,Professional Services,11-50,North America,Qualified
LD-0621,2024-07-12,Outbound SDR,Professional Services,1-10,APAC,Disqualified
LD-0622,2024-06-20,Referral,Professional Services,1000+,North America,Qualified
LD-0623,2025-04-13,Partner,SaaS,51-200,North America,New
LD-0624,2025-05-23,Referral,Professional Services,201-1000,North America,Qualified
LD-0625,2025-08-30,Partner,HealthTech,1-10,North America,Contacted
LD-0626,2025-07-23,Paid Ads,FinTech,51-200,APAC,New
LD-0627,2025-06-27,Outbound SDR,HealthTech,201-1000,EMEA,Contacted
LD-0628,2026-05-30,Organic Search,FinTech,11-50,EMEA,Disqualified
LD-0629,2024-11-30,Referral,FinTech,1-10,North America,Contacted
LD-0630,2025-11-02,Event,SaaS,11-50,EMEA,Disqualified
LD-0631,2024-07-29,Partner,SaaS,11-50,EMEA,Contacted
LD-0632,2026-02-09,Event,HealthTech,11-50,North America,Contacted
LD-0633,2025-02-20,Organic Search,Professional Services,11-50,APAC,New
LD-0634,2025-02-08,Paid Ads,E-Commerce,11-50,EMEA,Qualified
LD-0635,2024-09-07,Organic Search,HealthTech,51-200,APAC,New
LD-0636,2025-06-06,Organic Search,FinTech,1-10,North America,Contacted
LD-0637,2025-03-19,Outbound SDR,HealthTech,11-50,North America,New
LD-0638,2026-05-12,Outbound SDR,SaaS,51-200,EMEA,Contacted
LD-0639,2024-10-08,Outbound SDR,Manufacturing,1-10,APAC,Contacted
LD-0640,2025-04-01,Event,SaaS,11-50,North America,New
LD-0641,2026-03-19,Outbound SDR,E-Commerce,1-10,North America,Contacted
LD-0642,2026-01-10,Event,Manufacturing,1-10,APAC,Disqualified
LD-0643,2025-12-10,Organic Search,HealthTech,11-50,North America,New
LD-0644,2025-06-19,Organic Search,Manufacturing,1-10,North America,Contacted
LD-0645,2026-02-27,Outbound SDR,FinTech,11-50,EMEA,Contacted
LD-0646,2024-11-11,Event,Professional Services,1000+,North America,Contacted
LD-0647,2026-01-12,Organic Search,E-Commerce,201-1000,North America,Qualified
LD-0648,2025-07-29,Referral,Manufacturing,1-10,North America,New
LD-0649,2025-02-11,Outbound SDR,E-Commerce,11-50,APAC,Contacted
LD-0650,2024-11-06,Organic Search,Manufacturing,11-50,North America,Qualified
LD-0651,2025-06-16,Paid Ads,Professional Services,201-1000,EMEA,Contacted
LD-0652,2024-06-03,Event,FinTech,201-1000,LATAM,Disqualified
LD-0653,2025-11-04,Outbound SDR,Manufacturing,1-10,EMEA,Disqualified
LD-0654,2024-11-19,Organic Search,Manufacturing,1-10,EMEA,New
LD-0655,2025-03-11,Event,HealthTech,11-50,EMEA,Contacted
LD-0656,2024-10-19,Paid Ads,Professional Services,201-1000,North America,New
LD-0657,2025-05-06,Event,FinTech,201-1000,EMEA,New
LD-0658,2025-02-26,Paid Ads,HealthTech,1-10,LATAM,Contacted
LD-0659,2024-10-15,Referral,SaaS,51-200,APAC,Contacted
LD-0660,2026-03-10,Paid Ads,SaaS,1-10,North America,Contacted
LD-0661,2025-12-06,Paid Ads,Manufacturing,51-200,North America,New
LD-0662,2025-03-10,Event,FinTech,201-1000,APAC,New
LD-0663,2024-07-13,Organic Search,FinTech,11-50,North America,Disqualified
LD-0664,2026-02-07,Organic Search,SaaS,1-10,APAC,Disqualified
LD-0665,2025-10-22,Paid Ads,HealthTech,51-200,North America,New
LD-0666,2025-07-11,Outbound SDR,Manufacturing,11-50,EMEA,Qualified
LD-0667,2025-08-15,Event,Professional Services,201-1000,APAC,Contacted
LD-0668,2024-06-06,Partner,SaaS,11-50,EMEA,Qualified
LD-0669,2025-05-12,Paid Ads,HealthTech,201-1000,North America,Qualified
LD-0670,2024-10-16,Paid Ads,HealthTech,11-50,APAC,Disqualified
LD-0671,2025-09-18,Organic Search,E-Commerce,1-10,North America,New
LD-0672,2026-04-10,Referral,HealthTech,11-50,North America,Contacted
LD-0673,2025-06-22,Partner,FinTech,1-10,EMEA,Disqualified
LD-0674,2025-08-15,Outbound SDR,HealthTech,11-50,North America,New
LD-0675,2025-09-30,Referral,E-Commerce,51-200,EMEA,New
LD-0676,2026-04-09,Paid Ads,HealthTech,1-10,North America,Qualified
LD-0677,2024-06-28,Event,HealthTech,1-10,North America,Qualified
LD-0678,2025-01-13,Referral,Manufacturing,1-10,APAC,Qualified
LD-0679,2024-12-13,Organic Search,Manufacturing,1-10,North America,Qualified
LD-0680,2025-11-05,Paid Ads,FinTech,201-1000,North America,Qualified
LD-0681,2025-04-23,Organic Search,Manufacturing,1000+,EMEA,New
LD-0682,2025-12-15,Organic Search,Manufacturing,1-10,APAC,Qualified
LD-0683,2025-05-11,Organic Search,SaaS,51-200,EMEA,Qualified
LD-0684,2026-05-13,Paid Ads,E-Commerce,51-200,APAC,Disqualified
LD-0685,2025-12-12,Outbound SDR,FinTech,1000+,North America,New
LD-0686,2024-06-14,Paid Ads,E-Commerce,11-50,North America,New
LD-0687,2026-05-22,Paid Ads,SaaS,11-50,LATAM,Qualified
LD-0688,2026-04-26,Partner,E-Commerce,11-50,APAC,New
LD-0689,2024-07-02,Outbound SDR,SaaS,201-1000,EMEA,New
LD-0690,2025-03-13,Referral,HealthTech,51-200,EMEA,Qualified
LD-0691,2026-05-09,Paid Ads,Professional Services,11-50,North America,Contacted
LD-0692,2026-02-01,Event,FinTech,11-50,North America,Contacted
LD-0693,2025-05-08,Organic Search,Professional Services,51-200,APAC,New
LD-0694,2025-07-03,Paid Ads,Professional Services,201-1000,APAC,New
LD-0695,2024-06-22,Event,Professional Services,11-50,North America,Qualified
LD-0696,2025-07-17,Referral,SaaS,51-200,North America,Contacted
LD-0697,2025-09-29,Outbound SDR,Manufacturing,11-50,North America,New
LD-0698,2025-02-17,Referral,SaaS,11-50,North America,Contacted
LD-0699,2025-01-10,Outbound SDR,FinTech,51-200,EMEA,New
LD-0700,2026-01-25,Paid Ads,Professional Services,51-200,EMEA,New
LD-0701,2025-04-24,Paid Ads,E-Commerce,1000+,North America,New
LD-0702,2024-12-10,Paid Ads,HealthTech,11-50,EMEA,Contacted
LD-0703,2025-03-01,Organic Search,FinTech,11-50,LATAM,New
LD-0704,2025-05-25,Event,Manufacturing,11-50,North America,Contacted
LD-0705,2024-12-07,Paid Ads,E-Commerce,1-10,North America,Contacted
LD-0706,2025-07-14,Referral,HealthTech,11-50,EMEA,Contacted
LD-0707,2026-02-18,Outbound SDR,Professional Services,1-10,North America,New
LD-0708,2025-11-24,Outbound SDR,SaaS,11-50,EMEA,New
LD-0709,2024-11-16,Paid Ads,SaaS,1-10,EMEA,New
LD-0710,2025-05-10,Referral,E-Commerce,11-50,North America,Contacted
LD-0711,2025-07-02,Partner,Professional Services,201-1000,North America,Qualified
LD-0712,2025-10-09,Outbound SDR,SaaS,11-50,APAC,New
LD-0713,2025-12-04,Event,SaaS,51-200,North America,Qualified
LD-0714,2025-05-20,Event,SaaS,201-1000,EMEA,Qualified
LD-0715,2025-01-16,Outbound SDR,Manufacturing,51-200,EMEA,New
LD-0716,2025-09-24,Organic Search,SaaS,1-10,APAC,New
LD-0717,2024-08-31,Referral,HealthTech,11-50,EMEA,New
LD-0718,2025-10-05,Organic Search,Professional Services,51-200,APAC,New
LD-0719,2026-03-16,Outbound SDR,SaaS,11-50,EMEA,Contacted
LD-0720,2025-10-31,Partner,HealthTech,1-10,North America,New
LD-0721,2025-04-13,Referral,HealthTech,11-50,North America,Qualified
LD-0722,2026-01-22,Paid Ads,Manufacturing,51-200,North America,Contacted
LD-0723,2025-06-23,Organic Search,FinTech,11-50,North America,Qualified
LD-0724,2025-06-30,Partner,FinTech,51-200,North America,Qualified
LD-0725,2026-02-12,Organic Search,SaaS,1-10,North America,Contacted
LD-0726,2024-10-19,Organic Search,Manufacturing,11-50,North America,Disqualified
LD-0727,2025-12-21,Paid Ads,Manufacturing,201-1000,North America,Disqualified
LD-0728,2025-10-09,Organic Search,SaaS,11-50,North America,Contacted
LD-0729,2025-06-21,Paid Ads,FinTech,51-200,APAC,New
LD-0730,2024-07-27,Referral,Professional Services,11-50,EMEA,Contacted
LD-0731,2025-12-11,Paid Ads,SaaS,11-50,APAC,New
LD-0732,2024-11-07,Organic Search,FinTech,201-1000,EMEA,Contacted
LD-0733,2026-03-15,Organic Search,HealthTech,11-50,APAC,Contacted
LD-0734,2025-12-30,Paid Ads,FinTech,11-50,APAC,Contacted
LD-0735,2025-02-21,Organic Search,SaaS,201-1000,North America,Qualified
LD-0736,2025-04-14,Outbound SDR,HealthTech,51-200,LATAM,New
LD-0737,2024-06-19,Organic Search,SaaS,51-200,North America,Contacted
LD-0738,2025-05-30,Paid Ads,HealthTech,1-10,EMEA,Contacted
LD-0739,2024-07-13,Paid Ads,E-Commerce,1-10,APAC,Qualified
LD-0740,2026-05-21,Paid Ads,HealthTech,51-200,North America,Qualified
LD-0741,2025-09-10,Organic Search,SaaS,1-10,EMEA,New
LD-0742,2024-11-19,Organic Search,Manufacturing,11-50,North America,Qualified
LD-0743,2026-01-07,Event,SaaS,51-200,North America,New
LD-0744,2024-06-15,Organic Search,Manufacturing,11-50,North America,Qualified
LD-0745,2025-07-06,Referral,FinTech,1-10,North America,Contacted
LD-0746,2024-08-21,Referral,Manufacturing,1-10,North America,Contacted
LD-0747,2024-07-10,Paid Ads,SaaS,11-50,EMEA,Qualified
LD-0748,2024-11-26,Paid Ads,SaaS,51-200,EMEA,Disqualified
LD-0749,2025-01-01,Outbound SDR,HealthTech,201-1000,North America,Qualified
LD-0750,2025-11-12,Event,SaaS,1-10,EMEA,Contacted
LD-0751,2026-03-12,Paid Ads,SaaS,1-10,North America,Qualified
LD-0752,2025-12-18,Paid Ads,E-Commerce,51-200,North America,Contacted
LD-0753,2025-11-22,Paid Ads,Manufacturing,11-50,APAC,Qualified
LD-0754,2025-07-18,Referral,SaaS,11-50,APAC,Qualified
LD-0755,2025-02-26,Outbound SDR,Professional Services,201-1000,North America,New
LD-0756,2024-12-03,Organic Search,Manufacturing,51-200,North America,New
LD-0757,2026-04-21,Paid Ads,Manufacturing,11-50,APAC,New
LD-0758,2025-06-16,Partner,E-Commerce,1000+,APAC,New
LD-0759,2025-07-17,Organic Search,E-Commerce,1-10,North America,Contacted
LD-0760,2024-06-11,Referral,HealthTech,1000+,North America,New
LD-0761,2025-04-30,Outbound SDR,E-Commerce,11-50,North America,Qualified
LD-0762,2025-10-11,Organic Search,Professional Services,11-50,EMEA,New
LD-0763,2025-05-27,Organic Search,SaaS,201-1000,APAC,New
LD-0764,2025-08-22,Organic Search,FinTech,11-50,EMEA,Qualified
LD-0765,2026-01-12,Event,SaaS,11-50,North America,Contacted
LD-0766,2024-06-16,Organic Search,Professional Services,11-50,EMEA,Contacted
LD-0767,2026-03-22,Organic Search,HealthTech,51-200,APAC,Qualified
LD-0768,2026-01-17,Organic Search,E-Commerce,51-200,EMEA,Disqualified
LD-0769,2025-04-03,Organic Search,Manufacturing,1-10,APAC,Contacted
LD-0770,2025-12-09,Outbound SDR,Professional Services,51-200,North America,New
LD-0771,2024-07-19,Paid Ads,SaaS,51-200,North America,New
LD-0772,2025-01-11,Referral,Manufacturing,11-50,EMEA,Disqualified
LD-0773,2024-08-18,Referral,Professional Services,1-10,EMEA,Qualified
LD-0774,2025-09-07,Event,SaaS,11-50,LATAM,Qualified
LD-0775,2026-02-15,Organic Search,Manufacturing,1-10,EMEA,Qualified
LD-0776,2025-08-13,Event,FinTech,1-10,North America,New
LD-0777,2025-11-01,Outbound SDR,E-Commerce,11-50,North America,Contacted
LD-0778,2024-09-13,Organic Search,HealthTech,1-10,EMEA,Qualified
LD-0779,2026-04-12,Outbound SDR,SaaS,11-50,North America,Disqualified
LD-0780,2024-10-19,Event,SaaS,51-200,EMEA,New
LD-0781,2025-06-19,Paid Ads,SaaS,11-50,North America,Qualified
LD-0782,2025-10-12,Event,SaaS,1000+,North America,New
LD-0783,2026-02-15,Paid Ads,E-Commerce,201-1000,EMEA,Disqualified
LD-0784,2026-04-12,Outbound SDR,FinTech,51-200,North America,New
LD-0785,2025-08-11,Partner,SaaS,1000+,EMEA,Qualified
LD-0786,2025-07-26,Paid Ads,E-Commerce,201-1000,EMEA,New
LD-0787,2025-04-01,Event,E-Commerce,11-50,North America,Qualified
LD-0788,2025-07-19,Paid Ads,HealthTech,51-200,EMEA,Qualified
LD-0789,2025-10-05,Outbound SDR,Professional Services,1-10,APAC,Contacted
LD-0790,2025-09-15,Outbound SDR,FinTech,51-200,APAC,Qualified
LD-0791,2025-08-06,Organic Search,Manufacturing,11-50,North America,Disqualified
LD-0792,2025-04-18,Paid Ads,SaaS,1-10,North America,Disqualified
LD-0793,2024-10-21,Paid Ads,E-Commerce,11-50,EMEA,Contacted
LD-0794,2024-07-10,Organic Search,Professional Services,1000+,EMEA,Qualified
LD-0795,2025-04-03,Organic Search,Manufacturing,11-50,EMEA,Contacted
LD-0796,2025-03-17,Paid Ads,HealthTech,1-10,EMEA,Qualified
LD-0797,2025-08-18,Organic Search,E-Commerce,1-10,APAC,Contacted
LD-0798,2026-03-19,Organic Search,FinTech,11-50,North America,Qualified
LD-0799,2025-10-25,Outbound SDR,E-Commerce,201-1000,EMEA,New
LD-0800,2026-01-08,Outbound SDR,Manufacturing,51-200,North America,Contacted
LD-0801,2025-07-27,Outbound SDR,Professional Services,11-50,North America,New
LD-0802,2026-04-08,Paid Ads,HealthTech,1-10,EMEA,Contacted
LD-0803,2026-04-16,Event,SaaS,1-10,EMEA,New
LD-0804,2024-09-20,Referral,E-Commerce,11-50,North America,New
LD-0805,2025-09-10,Organic Search,SaaS,201-1000,APAC,Qualified
LD-0806,2025-06-04,Organic Search,SaaS,51-200,APAC,Contacted
LD-0807,2026-05-10,Outbound SDR,FinTech,11-50,EMEA,New
LD-0808,2025-08-01,Organic Search,E-Commerce,51-200,LATAM,Qualified
LD-0809,2024-06-12,Referral,SaaS,11-50,North America,Disqualified
LD-0810,2024-11-01,Partner,SaaS,51-200,APAC,Disqualified
LD-0811,2024-09-03,Organic Search,SaaS,11-50,North America,Qualified
LD-0812,2024-10-25,Organic Search,Professional Services,51-200,North America,Disqualified
LD-0813,2024-08-09,Partner,E-Commerce,11-50,North America,Qualified
LD-0814,2025-12-23,Referral,SaaS,1000+,North America,Disqualified
LD-0815,2025-05-27,Organic Search,SaaS,11-50,EMEA,Disqualified
LD-0816,2025-10-03,Event,HealthTech,1-10,North America,Contacted
LD-0817,2026-05-30,Event,FinTech,11-50,EMEA,Disqualified
LD-0818,2025-09-15,Referral,E-Commerce,11-50,North America,Qualified
LD-0819,2025-05-16,Outbound SDR,FinTech,51-200,North America,Qualified
LD-0820,2024-12-12,Paid Ads,Professional Services,51-200,LATAM,Disqualified
LD-0821,2025-12-03,Organic Search,FinTech,51-200,EMEA,Contacted
LD-0822,2025-06-05,Referral,E-Commerce,11-50,LATAM,Contacted
LD-0823,2025-12-04,Paid Ads,SaaS,51-200,EMEA,Qualified
LD-0824,2024-06-17,Outbound SDR,Professional Services,51-200,North America,Qualified
LD-0825,2024-09-27,Event,Professional Services,11-50,EMEA,Disqualified
LD-0826,2024-09-03,Organic Search,E-Commerce,11-50,EMEA,Disqualified
LD-0827,2025-10-10,Referral,HealthTech,1-10,North America,Qualified
LD-0828,2025-06-13,Organic Search,SaaS,11-50,APAC,Disqualified
LD-0829,2025-01-18,Event,Manufacturing,201-1000,EMEA,New
LD-0830,2025-01-12,Paid Ads,E-Commerce,201-1000,APAC,Disqualified
LD-0831,2025-08-17,Outbound SDR,SaaS,51-200,EMEA,New
LD-0832,2026-05-05,Referral,HealthTech,11-50,EMEA,Contacted
LD-0833,2026-05-27,Paid Ads,HealthTech,51-200,North America,New
LD-0834,2025-05-10,Outbound SDR,Manufacturing,51-200,LATAM,Contacted
LD-0835,2025-10-02,Outbound SDR,E-Commerce,11-50,North America,Contacted
LD-0836,2024-07-31,Referral,E-Commerce,201-1000,North America,New
LD-0837,2026-04-21,Outbound SDR,E-Commerce,1-10,North America,Qualified
LD-0838,2024-06-14,Partner,SaaS,1-10,EMEA,Qualified
LD-0839,2025-02-05,Paid Ads,FinTech,1-10,LATAM,New
LD-0840,2025-11-11,Referral,SaaS,1-10,APAC,Qualified
LD-0841,2026-05-08,Organic Search,Manufacturing,201-1000,EMEA,New
LD-0842,2024-10-04,Outbound SDR,FinTech,11-50,LATAM,New
LD-0843,2025-09-25,Referral,FinTech,11-50,EMEA,New
LD-0844,2024-10-15,Paid Ads,SaaS,11-50,North America,Qualified
LD-0845,2024-07-07,Organic Search,SaaS,11-50,EMEA,Qualified
LD-0846,2025-04-05,Event,E-Commerce,11-50,North America,Qualified
LD-0847,2025-07-26,Paid Ads,SaaS,1-10,North America,Qualified
LD-0848,2024-12-10,Outbound SDR,SaaS,51-200,North America,Qualified
LD-0849,2026-05-11,Organic Search,Manufacturing,1-10,North America,Qualified
LD-0850,2025-08-24,Partner,FinTech,51-200,LATAM,Disqualified
LD-0851,2025-04-16,Organic Search,FinTech,1-10,LATAM,Contacted
LD-0852,2025-05-21,Organic Search,FinTech,51-200,North America,New
LD-0853,2025-05-05,Event,Manufacturing,201-1000,EMEA,New
LD-0854,2024-08-21,Event,FinTech,1-10,North America,Qualified
LD-0855,2025-08-17,Organic Search,Manufacturing,1-10,North America,Contacted
LD-0856,2025-12-25,Referral,Professional Services,1000+,North America,New
LD-0857,2025-04-04,Outbound SDR,E-Commerce,11-50,North America,Disqualified
LD-0858,2025-04-07,Event,FinTech,51-200,North America,Disqualified
LD-0859,2026-03-26,Paid Ads,Manufacturing,1-10,North America,New
LD-0860,2025-08-20,Referral,HealthTech,11-50,North America,New
LD-0861,2025-01-04,Outbound SDR,FinTech,11-50,North America,New
LD-0862,2024-06-03,Outbound SDR,HealthTech,201-1000,APAC,Contacted
LD-0863,2026-01-22,Outbound SDR,FinTech,11-50,North America,Disqualified
LD-0864,2025-08-31,Referral,SaaS,51-200,North America,Qualified
LD-0865,2025-08-31,Organic Search,FinTech,51-200,EMEA,New
LD-0866,2024-12-24,Event,SaaS,1-10,North America,Contacted
LD-0867,2024-10-14,Event,FinTech,11-50,EMEA,New
LD-0868,2025-05-27,Outbound SDR,HealthTech,11-50,North America,Contacted
LD-0869,2025-12-05,Organic Search,Professional Services,11-50,EMEA,Contacted
LD-0870,2025-01-04,Organic Search,SaaS,51-200,EMEA,Qualified
LD-0871,2025-06-20,Outbound SDR,E-Commerce,11-50,EMEA,Contacted
LD-0872,2026-05-28,Organic Search,HealthTech,11-50,EMEA,Disqualified
LD-0873,2024-11-07,Partner,SaaS,51-200,North America,New
LD-0874,2024-11-16,Paid Ads,SaaS,51-200,North America,Qualified
LD-0875,2024-11-20,Outbound SDR,SaaS,11-50,North America,New
LD-0876,2026-03-28,Event,SaaS,51-200,EMEA,Contacted
LD-0877,2025-06-21,Paid Ads,SaaS,11-50,North America,Disqualified
LD-0878,2026-04-01,Paid Ads,FinTech,51-200,North America,Qualified
LD-0879,2026-04-22,Outbound SDR,HealthTech,11-50,EMEA,New
LD-0880,2025-04-03,Referral,SaaS,11-50,North America,Contacted
LD-0881,2024-07-11,Paid Ads,SaaS,1-10,North America,Qualified
LD-0882,2025-01-08,Outbound SDR,SaaS,51-200,EMEA,Disqualified
LD-0883,2025-07-02,Partner,HealthTech,51-200,North America,Qualified
LD-0884,2025-03-05,Referral,FinTech,11-50,APAC,New
LD-0885,2024-06-02,Organic Search,HealthTech,201-1000,LATAM,Contacted
LD-0886,2026-05-23,Paid Ads,SaaS,201-1000,LATAM,New
LD-0887,2025-01-08,Paid Ads,SaaS,1-10,North America,New
LD-0888,2025-08-26,Organic Search,Professional Services,51-200,North America,Qualified
LD-0889,2026-04-22,Organic Search,SaaS,11-50,EMEA,Qualified
LD-0890,2025-07-03,Outbound SDR,SaaS,1000+,EMEA,New
LD-0891,2025-10-20,Paid Ads,SaaS,11-50,EMEA,Qualified
LD-0892,2024-06-27,Partner,Professional Services,11-50,North America,Qualified
LD-0893,2025-10-21,Paid Ads,E-Commerce,11-50,North America,Qualified
LD-0894,2026-02-09,Organic Search,E-Commerce,11-50,North America,New
LD-0895,2026-04-01,Outbound SDR,Professional Services,51-200,North America,Contacted
LD-0896,2024-08-01,Event,SaaS,11-50,North America,New
LD-0897,2024-11-14,Paid Ads,Professional Services,11-50,LATAM,New
LD-0898,2024-07-05,Organic Search,SaaS,11-50,North America,Contacted
LD-0899,2026-04-01,Organic Search,E-Commerce,201-1000,EMEA,Contacted
LD-0900,2024-12-18,Referral,FinTech,201-1000,LATAM,New
LD-0901,2025-06-23,Referral,FinTech,11-50,North America,New
LD-0902,2025-05-13,Paid Ads,Professional Services,11-50,EMEA,Disqualified
LD-0903,2025-10-16,Organic Search,SaaS,1-10,EMEA,Qualified
LD-0904,2026-03-15,Referral,Professional Services,201-1000,North America,Contacted
LD-0905,2025-01-23,Partner,FinTech,51-200,EMEA,Disqualified
LD-0906,2025-12-28,Outbound SDR,E-Commerce,51-200,APAC,New
LD-0907,2024-12-30,Referral,Professional Services,201-1000,APAC,Contacted
LD-0908,2024-10-23,Organic Search,SaaS,1-10,APAC,Qualified
LD-0909,2024-08-17,Paid Ads,Professional Services,51-200,LATAM,Contacted
LD-0910,2025-02-27,Paid Ads,HealthTech,1-10,North America,New
LD-0911,2025-07-14,Outbound SDR,E-Commerce,1-10,APAC,Contacted
LD-0912,2025-12-21,Event,SaaS,11-50,EMEA,Contacted
LD-0913,2026-02-09,Event,HealthTech,11-50,EMEA,Qualified
LD-0914,2025-06-20,Partner,E-Commerce,1000+,EMEA,Contacted
LD-0915,2025-03-26,Partner,HealthTech,11-50,APAC,Contacted
LD-0916,2024-10-06,Partner,SaaS,201-1000,APAC,New
LD-0917,2026-03-29,Organic Search,SaaS,51-200,North America,Contacted
LD-0918,2025-03-16,Organic Search,Manufacturing,51-200,EMEA,New
LD-0919,2025-12-10,Paid Ads,SaaS,201-1000,North America,Disqualified
LD-0920,2025-08-31,Referral,E-Commerce,11-50,EMEA,Qualified
LD-0921,2026-04-11,Organic Search,Professional Services,11-50,APAC,Contacted
LD-0922,2026-05-11,Event,SaaS,1-10,APAC,Qualified
LD-0923,2025-10-29,Outbound SDR,SaaS,11-50,North America,New
LD-0924,2025-09-26,Referral,E-Commerce,201-1000,EMEA,Contacted
LD-0925,2024-09-09,Organic Search,SaaS,11-50,North America,Contacted
LD-0926,2024-06-12,Paid Ads,E-Commerce,11-50,North America,Contacted
LD-0927,2025-07-04,Organic Search,E-Commerce,1-10,North America,Qualified
LD-0928,2025-10-27,Event,E-Commerce,11-50,APAC,Disqualified
LD-0929,2025-11-26,Referral,FinTech,51-200,North America,Contacted
LD-0930,2024-11-30,Outbound SDR,E-Commerce,11-50,LATAM,Contacted
LD-0931,2025-06-02,Paid Ads,E-Commerce,51-200,North America,Qualified
LD-0932,2026-02-19,Paid Ads,SaaS,51-200,EMEA,Contacted
LD-0933,2024-08-09,Paid Ads,HealthTech,201-1000,EMEA,New
LD-0934,2025-03-07,Outbound SDR,Professional Services,11-50,EMEA,Disqualified
LD-0935,2026-04-20,Outbound SDR,E-Commerce,51-200,EMEA,Qualified
LD-0936,2024-10-24,Organic Search,HealthTech,1-10,EMEA,Disqualified
LD-0937,2025-01-17,Partner,FinTech,11-50,APAC,New
LD-0938,2025-05-08,Organic Search,SaaS,51-200,EMEA,New
LD-0939,2025-10-15,Event,SaaS,51-200,North America,Contacted
LD-0940,2024-12-04,Organic Search,SaaS,1-10,North America,Disqualified
LD-0941,2025-12-30,Paid Ads,Professional Services,201-1000,EMEA,New
LD-0942,2024-11-19,Event,SaaS,1-10,EMEA,New
LD-0943,2025-02-24,Organic Search,Manufacturing,51-200,EMEA,New
LD-0944,2025-07-23,Paid Ads,SaaS,1000+,EMEA,Qualified
LD-0945,2024-06-09,Paid Ads,FinTech,51-200,North America,Qualified
LD-0946,2025-12-12,Paid Ads,FinTech,201-1000,APAC,Qualified
LD-0947,2025-10-01,Outbound SDR,FinTech,51-200,EMEA,New
LD-0948,2026-01-30,Event,Manufacturing,201-1000,EMEA,Qualified
LD-0949,2024-12-18,Event,Professional Services,51-200,EMEA,Contacted
LD-0950,2025-03-17,Paid Ads,Professional Services,51-200,APAC,New
LD-0951,2026-03-18,Referral,SaaS,11-50,EMEA,Contacted
LD-0952,2024-07-19,Paid Ads,Manufacturing,51-200,LATAM,Contacted
LD-0953,2025-05-25,Paid Ads,SaaS,11-50,North America,Contacted
LD-0954,2025-05-19,Organic Search,Professional Services,1000+,EMEA,Disqualified
LD-0955,2025-04-23,Partner,HealthTech,11-50,EMEA,Contacted
LD-0956,2025-04-13,Event,FinTech,11-50,EMEA,Contacted
LD-0957,2025-11-27,Outbound SDR,SaaS,201-1000,North America,Qualified
LD-0958,2024-10-22,Referral,SaaS,11-50,EMEA,Qualified
LD-0959,2026-03-12,Referral,SaaS,11-50,North America,New
LD-0960,2026-03-16,Referral,Professional Services,51-200,APAC,Qualified
LD-0961,2024-10-09,Referral,Manufacturing,1-10,North America,New
LD-0962,2026-05-12,Paid Ads,Professional Services,1-10,North America,Contacted
LD-0963,2024-12-09,Organic Search,SaaS,11-50,EMEA,Qualified
LD-0964,2024-07-08,Organic Search,E-Commerce,11-50,North America,Contacted
LD-0965,2025-03-18,Partner,SaaS,11-50,North America,Contacted
LD-0966,2026-01-02,Referral,HealthTech,1-10,EMEA,New
LD-0967,2026-02-06,Partner,FinTech,11-50,EMEA,Contacted
LD-0968,2025-09-14,Organic Search,FinTech,11-50,North America,Contacted
LD-0969,2026-01-13,Referral,HealthTech,1-10,EMEA,Disqualified
LD-0970,2024-12-08,Organic Search,SaaS,51-200,EMEA,Contacted
LD-0971,2026-03-03,Paid Ads,HealthTech,51-200,APAC,Disqualified
LD-0972,2025-09-07,Organic Search,E-Commerce,1-10,North America,Contacted
LD-0973,2024-09-06,Organic Search,SaaS,11-50,North America,Qualified
LD-0974,2024-09-02,Event,Professional Services,201-1000,LATAM,New
LD-0975,2024-12-12,Paid Ads,HealthTech,51-200,EMEA,Contacted
LD-0976,2024-07-21,Outbound SDR,Manufacturing,11-50,North America,New
LD-0977,2024-12-24,Referral,E-Commerce,11-50,APAC,New
LD-0978,2026-05-26,Paid Ads,E-Commerce,1-10,North America,Disqualified
LD-0979,2024-11-23,Referral,E-Commerce,201-1000,APAC,Qualified
LD-0980,2025-09-07,Organic Search,Professional Services,201-1000,EMEA,Qualified
LD-0981,2026-05-14,Partner,E-Commerce,201-1000,LATAM,Contacted
LD-0982,2024-12-02,Event,SaaS,11-50,LATAM,Contacted
LD-0983,2025-10-21,Outbound SDR,SaaS,11-50,North America,Qualified
LD-0984,2025-04-25,Referral,E-Commerce,1-10,APAC,Qualified
LD-0985,2024-12-25,Organic Search,SaaS,11-50,North America,Qualified
LD-0986,2026-04-24,Partner,SaaS,11-50,EMEA,Qualified
LD-0987,2025-09-22,Paid Ads,SaaS,51-200,EMEA,Contacted
LD-0988,2025-04-16,Organic Search,HealthTech,1-10,North America,Disqualified
LD-0989,2026-01-14,Paid Ads,SaaS,201-1000,North America,New
LD-0990,2026-03-19,Outbound SDR,E-Commerce,1-10,North America,Contacted
LD-0991,2025-12-22,Outbound SDR,Manufacturing,1-10,North America,Disqualified
LD-0992,2026-02-24,Outbound SDR,Manufacturing,201-1000,North America,New
LD-0993,2025-01-21,Outbound SDR,FinTech,51-200,APAC,New
LD-0994,2025-02-06,Organic Search,HealthTech,11-50,EMEA,Contacted
LD-0995,2024-11-17,Partner,HealthTech,51-200,APAC,Contacted
LD-0996,2025-10-21,Paid Ads,HealthTech,11-50,APAC,Disqualified
LD-0997,2026-01-07,Outbound SDR,E-Commerce,1-10,EMEA,Qualified
LD-0998,2025-09-25,Organic Search,SaaS,11-50,North America,Contacted
LD-0999,2025-08-11,Partner,Professional Services,11-50,APAC,Disqualified
LD-1000,2025-12-15,Paid Ads,SaaS,51-200,APAC,Qualified
LD-1001,2024-10-11,Organic Search,Manufacturing,1-10,APAC,Disqualified
LD-1002,2025-02-22,Paid Ads,E-Commerce,51-200,APAC,New
LD-1003,2025-10-29,Organic Search,SaaS,51-200,EMEA,Contacted
LD-1004,2024-07-09,Organic Search,Manufacturing,1-10,EMEA,New
LD-1005,2026-03-27,Outbound SDR,SaaS,1-10,APAC,New
LD-1006,2024-10-03,Paid Ads,Manufacturing,11-50,North America,Qualified
LD-1007,2025-12-26,Partner,E-Commerce,51-200,APAC,New
LD-1008,2025-08-24,Paid Ads,SaaS,51-200,North America,Contacted
LD-1009,2026-02-08,Outbound SDR,SaaS,51-200,North America,Qualified
LD-1010,2025-12-18,Referral,Manufacturing,11-50,EMEA,New
LD-1011,2025-06-12,Outbound SDR,FinTech,11-50,North America,Contacted
LD-1012,2025-12-04,Referral,Professional Services,51-200,LATAM,Qualified
LD-1013,2025-02-08,Referral,Manufacturing,1-10,North America,Disqualified
LD-1014,2025-07-31,Partner,E-Commerce,51-200,EMEA,Contacted
LD-1015,2026-03-30,Paid Ads,SaaS,1-10,North America,Disqualified
LD-1016,2024-08-01,Organic Search,E-Commerce,11-50,LATAM,Disqualified
LD-1017,2025-02-15,Outbound SDR,Professional Services,11-50,North America,Qualified
LD-1018,2024-06-13,Event,SaaS,11-50,North America,Contacted
LD-1019,2025-06-25,Organic Search,FinTech,51-200,North America,Qualified
LD-1020,2025-12-23,Paid Ads,SaaS,11-50,EMEA,Qualified
LD-1021,2024-06-29,Event,FinTech,201-1000,LATAM,Contacted
LD-1022,2025-07-06,Outbound SDR,Manufacturing,201-1000,LATAM,Disqualified
LD-1023,2025-03-30,Partner,HealthTech,201-1000,North America,Disqualified
LD-1024,2025-12-23,Referral,HealthTech,51-200,EMEA,Contacted
LD-1025,2024-11-08,Outbound SDR,FinTech,51-200,North America,Qualified
LD-1026,2024-09-27,Paid Ads,SaaS,51-200,EMEA,Contacted
LD-1027,2024-08-09,Partner,SaaS,11-50,EMEA,Qualified
LD-1028,2025-03-25,Paid Ads,Manufacturing,11-50,North America,Qualified
LD-1029,2025-05-22,Outbound SDR,E-Commerce,51-200,EMEA,New
LD-1030,2026-04-02,Paid Ads,FinTech,1-10,APAC,New
LD-1031,2025-05-06,Referral,Manufacturing,1-10,North America,Contacted
LD-1032,2024-10-04,Outbound SDR,SaaS,201-1000,North America,Disqualified
LD-1033,2025-10-23,Referral,SaaS,1-10,North America,Contacted
LD-1034,2024-07-15,Event,SaaS,51-200,North America,Disqualified
LD-1035,2025-02-07,Paid Ads,Professional Services,51-200,North America,Contacted
LD-1036,2025-09-20,Outbound SDR,E-Commerce,1-10,EMEA,Contacted
LD-1037,2024-12-03,Paid Ads,E-Commerce,201-1000,North America,Disqualified
LD-1038,2025-08-08,Paid Ads,SaaS,1-10,EMEA,Contacted
LD-1039,2025-04-27,Paid Ads,SaaS,201-1000,APAC,Contacted
LD-1040,2026-04-26,Organic Search,E-Commerce,51-200,LATAM,New
LD-1041,2024-12-27,Organic Search,FinTech,11-50,EMEA,New
LD-1042,2026-03-23,Outbound SDR,Professional Services,1-10,North America,New
LD-1043,2025-08-31,Outbound SDR,Manufacturing,11-50,North America,Contacted
LD-1044,2025-11-29,Outbound SDR,HealthTech,11-50,North America,Qualified
LD-1045,2024-10-02,Organic Search,Manufacturing,11-50,LATAM,Contacted
LD-1046,2024-06-14,Paid Ads,Professional Services,1000+,LATAM,New
LD-1047,2025-11-15,Organic Search,HealthTech,11-50,North America,New
LD-1048,2025-05-17,Outbound SDR,E-Commerce,201-1000,North America,Contacted
LD-1049,2025-01-12,Event,Professional Services,1-10,EMEA,Disqualified
LD-1050,2026-03-16,Paid Ads,SaaS,1000+,North America,Contacted
LD-1051,2025-01-25,Outbound SDR,Professional Services,11-50,LATAM,New
LD-1052,2025-04-13,Organic Search,SaaS,11-50,North America,Qualified
LD-1053,2025-11-10,Paid Ads,E-Commerce,51-200,North America,Disqualified
LD-1054,2026-05-03,Organic Search,Manufacturing,1-10,North America,Qualified
LD-1055,2026-03-18,Paid Ads,E-Commerce,201-1000,North America,Qualified
LD-1056,2025-09-19,Outbound SDR,HealthTech,11-50,North America,Disqualified
LD-1057,2024-08-20,Event,E-Commerce,51-200,APAC,Qualified
LD-1058,2024-08-19,Organic Search,SaaS,51-200,North America,Disqualified
LD-1059,2025-10-19,Referral,SaaS,51-200,EMEA,New
LD-1060,2025-06-07,Outbound SDR,SaaS,1-10,North America,Qualified
LD-1061,2024-09-06,Partner,E-Commerce,1-10,North America,Disqualified
LD-1062,2025-10-21,Outbound SDR,HealthTech,1-10,North America,Disqualified
LD-1063,2026-04-18,Paid Ads,SaaS,11-50,North America,Contacted
LD-1064,2024-07-18,Outbound SDR,Professional Services,1-10,North America,Qualified
LD-1065,2026-01-23,Paid Ads,FinTech,201-1000,North America,New
LD-1066,2025-02-07,Partner,HealthTech,11-50,APAC,Qualified
LD-1067,2025-03-17,Paid Ads,FinTech,51-200,EMEA,Contacted
LD-1068,2025-11-05,Outbound SDR,SaaS,11-50,LATAM,Qualified
LD-1069,2024-11-27,Organic Search,E-Commerce,11-50,North America,Qualified
LD-1070,2024-09-23,Paid Ads,HealthTech,11-50,EMEA,Contacted
LD-1071,2026-05-04,Event,SaaS,11-50,EMEA,New
LD-1072,2025-02-09,Outbound SDR,Professional Services,11-50,North America,Contacted
LD-1073,2024-10-02,Paid Ads,Manufacturing,11-50,North America,Qualified
LD-1074,2025-10-16,Partner,E-Commerce,11-50,EMEA,Qualified
LD-1075,2024-11-05,Event,Manufacturing,1000+,APAC,Qualified
LD-1076,2025-12-18,Paid Ads,Professional Services,11-50,EMEA,New
LD-1077,2024-07-22,Referral,FinTech,11-50,North America,Qualified
LD-1078,2025-06-13,Referral,E-Commerce,1-10,LATAM,Qualified
LD-1079,2025-03-21,Outbound SDR,E-Commerce,11-50,North America,New
LD-1080,2026-04-29,Paid Ads,SaaS,51-200,LATAM,Contacted
LD-1081,2025-06-16,Paid Ads,SaaS,1-10,APAC,Contacted
LD-1082,2026-04-06,Event,SaaS,51-200,APAC,Contacted
LD-1083,2024-11-29,Partner,E-Commerce,11-50,APAC,New
LD-1084,2025-05-12,Event,Manufacturing,1-10,North America,New
LD-1085,2026-01-15,Partner,Manufacturing,1000+,EMEA,New
LD-1086,2024-09-25,Outbound SDR,FinTech,11-50,APAC,New
LD-1087,2026-04-08,Outbound SDR,SaaS,201-1000,APAC,New
LD-1088,2025-12-16,Outbound SDR,HealthTech,11-50,North America,Qualified
LD-1089,2025-10-07,Referral,HealthTech,1000+,North America,Contacted
LD-1090,2024-11-25,Paid Ads,Professional Services,11-50,North America,Contacted
LD-1091,2026-01-18,Paid Ads,Professional Services,11-50,EMEA,Qualified
LD-1092,2026-02-05,Outbound SDR,Professional Services,51-200,EMEA,Contacted
LD-1093,2024-12-31,Paid Ads,Manufacturing,11-50,APAC,New
LD-1094,2025-08-03,Paid Ads,Professional Services,11-50,APAC,New
LD-1095,2024-07-15,Referral,HealthTech,1000+,EMEA,New
LD-1096,2025-03-15,Paid Ads,SaaS,51-200,North America,Qualified
LD-1097,2024-09-18,Organic Search,SaaS,51-200,EMEA,Contacted
LD-1098,2025-07-11,Event,FinTech,51-200,North America,Contacted
LD-1099,2025-07-06,Event,SaaS,201-1000,North America,Contacted
LD-1100,2025-06-24,Organic Search,SaaS,201-1000,North America,Disqualified
LD-1101,2025-10-07,Organic Search,Professional Services,51-200,North America,Contacted
LD-1102,2026-04-06,Paid Ads,SaaS,11-50,North America,Contacted
LD-1103,2024-10-22,Outbound SDR,Professional Services,1-10,EMEA,Contacted
LD-1104,2024-11-04,Event,Manufacturing,51-200,North America,Qualified
LD-1105,2024-11-05,Organic Search,E-Commerce,201-1000,North America,Qualified
LD-1106,2026-04-08,Outbound SDR,E-Commerce,11-50,North America,Qualified
LD-1107,2024-08-07,Organic Search,FinTech,1-10,EMEA,New
LD-1108,2024-06-23,Paid Ads,E-Commerce,11-50,EMEA,Contacted
LD-1109,2024-09-25,Partner,SaaS,11-50,North America,Qualified
LD-1110,2025-12-13,Organic Search,Professional Services,201-1000,North America,Contacted
LD-1111,2025-07-28,Organic Search,FinTech,1-10,LATAM,Disqualified
LD-1112,2026-04-02,Paid Ads,SaaS,51-200,EMEA,Contacted
LD-1113,2024-10-27,Outbound SDR,E-Commerce,51-200,EMEA,Contacted
LD-1114,2025-03-15,Partner,E-Commerce,1000+,EMEA,Contacted
LD-1115,2025-07-10,Partner,HealthTech,1-10,APAC,Contacted
LD-1116,2024-07-24,Organic Search,E-Commerce,201-1000,APAC,Disqualified
LD-1117,2026-04-01,Organic Search,SaaS,51-200,North America,New
LD-1118,2026-01-08,Outbound SDR,E-Commerce,51-200,EMEA,Contacted
LD-1119,2024-09-13,Paid Ads,SaaS,1-10,North America,Qualified
LD-1120,2026-02-05,Event,SaaS,11-50,EMEA,Disqualified
LD-1121,2025-04-24,Outbound SDR,SaaS,51-200,North America,Qualified
LD-1122,2025-02-01,Organic Search,FinTech,11-50,North America,Disqualified
LD-1123,2026-04-21,Event,FinTech,11-50,LATAM,Disqualified
LD-1124,2025-06-14,Organic Search,HealthTech,51-200,APAC,Contacted
LD-1125,2024-11-13,Paid Ads,SaaS,51-200,North America,Disqualified
LD-1126,2026-01-12,Referral,SaaS,1-10,LATAM,Disqualified
LD-1127,2025-11-04,Referral,HealthTech,11-50,North America,New
LD-1128,2024-10-18,Outbound SDR,SaaS,1-10,North America,Qualified
LD-1129,2025-10-07,Outbound SDR,E-Commerce,201-1000,APAC,Contacted
LD-1130,2025-09-02,Partner,Professional Services,1000+,North America,Qualified
LD-1131,2024-12-18,Partner,FinTech,11-50,North America,New
LD-1132,2025-04-10,Referral,Professional Services,1-10,EMEA,Qualified
LD-1133,2026-02-02,Organic Search,SaaS,1-10,North America,Contacted
LD-1134,2024-10-06,Outbound SDR,SaaS,11-50,North America,Qualified
LD-1135,2025-11-09,Partner,E-Commerce,201-1000,North America,New
LD-1136,2026-01-28,Paid Ads,Manufacturing,11-50,EMEA,Qualified
LD-1137,2026-04-14,Referral,Manufacturing,1-10,North America,Contacted
LD-1138,2025-01-23,Paid Ads,SaaS,1-10,North America,Qualified
LD-1139,2024-12-12,Organic Search,Manufacturing,11-50,EMEA,Contacted
LD-1140,2026-04-13,Outbound SDR,FinTech,201-1000,North America,New
LD-1141,2025-05-04,Paid Ads,FinTech,51-200,North America,Contacted
LD-1142,2025-07-20,Outbound SDR,SaaS,51-200,EMEA,Disqualified
LD-1143,2025-06-09,Event,Professional Services,11-50,APAC,New
LD-1144,2025-06-11,Event,SaaS,201-1000,North America,Qualified
LD-1145,2025-08-30,Paid Ads,Manufacturing,11-50,APAC,New
LD-1146,2025-04-05,Paid Ads,E-Commerce,201-1000,EMEA,Qualified
LD-1147,2025-03-13,Outbound SDR,E-Commerce,201-1000,North America,New
LD-1148,2025-03-20,Event,E-Commerce,11-50,APAC,Contacted
LD-1149,2025-09-22,Referral,Manufacturing,201-1000,EMEA,Contacted
LD-1150,2026-01-18,Event,SaaS,11-50,EMEA,New
LD-1151,2025-07-10,Organic Search,SaaS,51-200,EMEA,Contacted
LD-1152,2025-10-07,Event,E-Commerce,1-10,EMEA,Contacted
LD-1153,2025-03-29,Organic Search,FinTech,11-50,LATAM,Contacted
LD-1154,2025-12-17,Organic Search,SaaS,1-10,EMEA,Disqualified
LD-1155,2025-03-15,Referral,SaaS,1-10,APAC,Contacted
LD-1156,2025-04-03,Organic Search,FinTech,1-10,APAC,Disqualified
LD-1157,2024-07-11,Organic Search,SaaS,11-50,APAC,Contacted
LD-1158,2024-12-08,Organic Search,SaaS,51-200,LATAM,New
LD-1159,2025-11-21,Paid Ads,Professional Services,11-50,North America,New
LD-1160,2024-08-03,Outbound SDR,FinTech,11-50,North America,Contacted
LD-1161,2024-11-11,Organic Search,Professional Services,1000+,EMEA,Contacted
LD-1162,2025-12-19,Outbound SDR,Professional Services,1000+,North America,Disqualified
LD-1163,2026-02-27,Event,SaaS,1-10,EMEA,Qualified
LD-1164,2025-03-30,Organic Search,E-Commerce,11-50,APAC,Contacted
LD-1165,2025-03-24,Organic Search,E-Commerce,51-200,LATAM,Contacted
LD-1166,2025-06-07,Event,E-Commerce,51-200,North America,Contacted
LD-1167,2025-12-14,Event,SaaS,11-50,EMEA,Qualified
LD-1168,2025-05-09,Referral,SaaS,51-200,North America,New
LD-1169,2024-10-05,Event,SaaS,1-10,EMEA,New
LD-1170,2025-04-11,Organic Search,E-Commerce,11-50,North America,Contacted
LD-1171,2024-12-03,Paid Ads,Professional Services,51-200,EMEA,New
LD-1172,2025-10-12,Outbound SDR,E-Commerce,51-200,EMEA,Qualified
LD-1173,2024-09-13,Paid Ads,E-Commerce,201-1000,EMEA,New
LD-1174,2025-08-18,Outbound SDR,Professional Services,1-10,EMEA,New
LD-1175,2024-09-03,Referral,E-Commerce,1-10,North America,Disqualified
LD-1176,2026-05-10,Outbound SDR,SaaS,1-10,North America,Disqualified
LD-1177,2025-09-10,Referral,Manufacturing,1-10,North America,Contacted
LD-1178,2024-09-10,Paid Ads,FinTech,1-10,LATAM,Contacted
LD-1179,2026-05-01,Organic Search,SaaS,11-50,LATAM,Qualified
LD-1180,2025-07-24,Organic Search,HealthTech,51-200,North America,New
LD-1181,2025-08-17,Outbound SDR,Professional Services,51-200,North America,Contacted
LD-1182,2024-07-17,Organic Search,SaaS,11-50,North America,New
LD-1183,2024-10-15,Organic Search,HealthTech,1-10,EMEA,Contacted
LD-1184,2026-01-10,Organic Search,SaaS,51-200,North America,Disqualified
LD-1185,2025-05-07,Organic Search,SaaS,1-10,North America,Qualified
LD-1186,2025-08-24,Event,SaaS,201-1000,North America,Disqualified
LD-1187,2026-05-21,Paid Ads,E-Commerce,1-10,North America,Qualified
LD-1188,2025-04-09,Partner,Manufacturing,51-200,North America,Qualified
LD-1189,2025-03-05,Organic Search,SaaS,201-1000,North America,Qualified
LD-1190,2026-01-06,Outbound SDR,FinTech,51-200,EMEA,Qualified
LD-1191,2024-07-19,Paid Ads,SaaS,51-200,EMEA,Contacted
LD-1192,2025-04-28,Paid Ads,SaaS,51-200,North America,Contacted
LD-1193,2026-02-14,Event,HealthTech,1-10,EMEA,Contacted
LD-1194,2024-11-14,Partner,E-Commerce,51-200,EMEA,New
LD-1195,2025-01-08,Event,E-Commerce,201-1000,APAC,Contacted
LD-1196,2025-05-11,Organic Search,FinTech,1000+,LATAM,New
LD-1197,2024-07-25,Organic Search,HealthTech,11-50,North America,Contacted
LD-1198,2024-07-22,Outbound SDR,SaaS,11-50,APAC,New
LD-1199,2024-12-01,Paid Ads,SaaS,51-200,EMEA,Contacted
LD-1200,2026-03-17,Outbound SDR,Professional Services,51-200,EMEA,Contacted
LD-1201,2024-11-09,Referral,Manufacturing,11-50,North America,New
LD-1202,2025-11-15,Referral,Professional Services,1-10,North America,Disqualified
LD-1203,2025-04-07,Event,Professional Services,1-10,North America,Contacted
LD-1204,2025-12-07,Outbound SDR,E-Commerce,11-50,LATAM,Contacted
LD-1205,2025-01-27,Organic Search,Professional Services,1-10,EMEA,New
LD-1206,2026-02-28,Organic Search,FinTech,1-10,North America,Disqualified
LD-1207,2025-02-26,Outbound SDR,SaaS,1-10,EMEA,Qualified
LD-1208,2025-12-30,Referral,SaaS,201-1000,North America,Contacted
LD-1209,2026-01-28,Paid Ads,SaaS,1-10,North America,New
LD-1210,2025-04-11,Paid Ads,SaaS,1-10,EMEA,Qualified
LD-1211,2025-09-30,Outbound SDR,FinTech,11-50,EMEA,Disqualified
LD-1212,2024-08-26,Event,E-Commerce,11-50,APAC,Contacted
LD-1213,2025-05-28,Referral,Manufacturing,1000+,EMEA,New
LD-1214,2025-02-28,Paid Ads,E-Commerce,201-1000,EMEA,New
LD-1215,2026-04-27,Paid Ads,SaaS,11-50,APAC,New
LD-1216,2026-04-12,Referral,Manufacturing,11-50,North America,Qualified
LD-1217,2025-12-24,Paid Ads,FinTech,11-50,EMEA,Disqualified
LD-1218,2026-04-23,Referral,SaaS,1-10,EMEA,Disqualified
LD-1219,2026-05-13,Outbound SDR,FinTech,11-50,North America,Qualified
LD-1220,2025-12-12,Organic Search,FinTech,1-10,North America,New
LD-1221,2025-08-07,Organic Search,SaaS,1-10,North America,Disqualified
LD-1222,2024-10-28,Organic Search,Manufacturing,51-200,North America,Contacted
LD-1223,2026-01-16,Event,Manufacturing,1-10,EMEA,Contacted
LD-1224,2024-10-20,Outbound SDR,E-Commerce,1-10,North America,Qualified
LD-1225,2024-10-14,Organic Search,SaaS,11-50,EMEA,New
LD-1226,2026-03-04,Event,Manufacturing,11-50,North America,Qualified
LD-1227,2024-08-23,Referral,E-Commerce,1-10,North America,Disqualified
LD-1228,2024-09-12,Referral,SaaS,1-10,North America,Qualified
LD-1229,2025-06-08,Partner,E-Commerce,1-10,North America,Qualified
LD-1230,2025-07-31,Organic Search,HealthTech,11-50,LATAM,Contacted
LD-1231,2024-07-04,Organic Search,FinTech,201-1000,North America,New
LD-1232,2025-03-03,Referral,SaaS,201-1000,North America,Qualified
LD-1233,2024-11-12,Organic Search,HealthTech,11-50,North America,Qualified
LD-1234,2025-01-07,Outbound SDR,SaaS,11-50,North America,Disqualified
LD-1235,2024-10-10,Organic Search,SaaS,51-200,EMEA,New
LD-1236,2025-10-07,Organic Search,SaaS,51-200,APAC,Contacted
LD-1237,2025-05-11,Organic Search,Professional Services,1-10,North America,Contacted
LD-1238,2026-05-01,Paid Ads,FinTech,1-10,EMEA,Qualified
LD-1239,2024-06-07,Organic Search,FinTech,11-50,EMEA,Qualified
LD-1240,2025-12-19,Organic Search,FinTech,51-200,APAC,Disqualified
LD-1241,2026-03-26,Event,Professional Services,1-10,EMEA,Contacted
LD-1242,2025-05-21,Paid Ads,HealthTech,11-50,North America,Contacted
LD-1243,2025-10-23,Paid Ads,Professional Services,11-50,EMEA,New
LD-1244,2025-04-18,Organic Search,FinTech,11-50,APAC,New
LD-1245,2025-08-08,Paid Ads,SaaS,11-50,EMEA,Contacted
LD-1246,2026-03-24,Paid Ads,HealthTech,51-200,LATAM,Qualified
LD-1247,2025-06-22,Outbound SDR,FinTech,11-50,APAC,Contacted
LD-1248,2025-07-27,Organic Search,Manufacturing,1-10,North America,Contacted
LD-1249,2026-05-21,Event,Professional Services,1-10,APAC,Qualified
LD-1250,2025-05-29,Partner,HealthTech,201-1000,EMEA,Qualified
LD-1251,2024-10-05,Organic Search,Professional Services,11-50,EMEA,New
LD-1252,2025-10-11,Organic Search,HealthTech,1-10,EMEA,Contacted
LD-1253,2025-10-19,Organic Search,SaaS,11-50,APAC,Qualified
LD-1254,2024-11-20,Outbound SDR,HealthTech,201-1000,EMEA,Qualified
LD-1255,2025-11-14,Organic Search,SaaS,51-200,EMEA,Qualified
LD-1256,2024-07-17,Event,Manufacturing,201-1000,North America,New
LD-1257,2025-01-20,Outbound SDR,SaaS,51-200,North America,Contacted
LD-1258,2026-02-14,Event,FinTech,11-50,APAC,Disqualified
LD-1259,2025-08-25,Referral,HealthTech,11-50,EMEA,Contacted
LD-1260,2025-08-17,Partner,SaaS,1-10,North America,Contacted
LD-1261,2025-08-27,Organic Search,SaaS,51-200,APAC,Disqualified
LD-1262,2024-09-29,Paid Ads,E-Commerce,51-200,APAC,New
LD-1263,2026-05-02,Paid Ads,SaaS,1-10,EMEA,Qualified
LD-1264,2025-01-04,Partner,HealthTech,201-1000,North America,Disqualified
LD-1265,2025-12-26,Referral,FinTech,11-50,EMEA,New
LD-1266,2026-05-23,Event,SaaS,1-10,North America,Qualified
LD-1267,2024-11-23,Organic Search,SaaS,11-50,North America,Contacted
LD-1268,2025-09-06,Partner,Manufacturing,201-1000,EMEA,Disqualified
LD-1269,2024-07-01,Referral,Professional Services,201-1000,APAC,Disqualified
LD-1270,2025-09-07,Referral,SaaS,11-50,North America,Disqualified
LD-1271,2025-04-18,Partner,Professional Services,1000+,APAC,New
LD-1272,2024-07-23,Paid Ads,E-Commerce,201-1000,APAC,Qualified
LD-1273,2025-10-03,Paid Ads,E-Commerce,201-1000,North America,Disqualified
LD-1274,2026-05-08,Referral,E-Commerce,201-1000,North America,Qualified
LD-1275,2024-07-31,Organic Search,E-Commerce,11-50,EMEA,Qualified
LD-1276,2026-03-13,Paid Ads,Manufacturing,51-200,APAC,New
LD-1277,2026-02-05,Organic Search,HealthTech,51-200,North America,Disqualified
LD-1278,2025-07-05,Organic Search,HealthTech,51-200,EMEA,New
LD-1279,2026-03-20,Event,FinTech,1-10,EMEA,Contacted
LD-1280,2025-01-12,Referral,SaaS,51-200,EMEA,Disqualified
LD-1281,2025-11-07,Paid Ads,E-Commerce,1000+,EMEA,Disqualified
LD-1282,2025-10-22,Paid Ads,SaaS,11-50,North America,Disqualified
LD-1283,2025-07-29,Paid Ads,SaaS,1000+,North America,Contacted
LD-1284,2026-01-29,Outbound SDR,SaaS,11-50,North America,New
LD-1285,2026-03-01,Partner,SaaS,1-10,LATAM,Contacted
LD-1286,2025-12-26,Partner,E-Commerce,1-10,APAC,New
LD-1287,2025-08-03,Paid Ads,E-Commerce,201-1000,APAC,Disqualified
LD-1288,2026-05-14,Paid Ads,FinTech,51-200,North America,Contacted
LD-1289,2025-07-11,Paid Ads,SaaS,11-50,EMEA,Contacted
LD-1290,2025-09-08,Referral,FinTech,51-200,North America,New
LD-1291,2024-10-16,Referral,FinTech,11-50,North America,Contacted
LD-1292,2025-01-21,Outbound SDR,E-Commerce,11-50,North America,Disqualified
LD-1293,2026-03-22,Referral,HealthTech,201-1000,APAC,Qualified
LD-1294,2025-05-29,Paid Ads,HealthTech,51-200,North America,New
LD-1295,2025-06-08,Paid Ads,HealthTech,51-200,EMEA,New
LD-1296,2026-01-17,Paid Ads,Professional Services,51-200,LATAM,Contacted
LD-1297,2025-01-24,Organic Search,Manufacturing,1000+,EMEA,New
LD-1298,2024-12-11,Organic Search,HealthTech,11-50,North America,Disqualified
LD-1299,2024-06-07,Outbound SDR,HealthTech,11-50,APAC,Qualified
LD-1300,2024-11-16,Paid Ads,SaaS,1-10,EMEA,New
LD-1301,2025-06-09,Organic Search,Professional Services,51-200,North America,Qualified
LD-1302,2025-11-11,Referral,FinTech,51-200,EMEA,Contacted
LD-1303,2025-01-26,Outbound SDR,SaaS,51-200,APAC,New
LD-1304,2025-04-20,Paid Ads,Professional Services,11-50,EMEA,Contacted
LD-1305,2024-11-09,Event,E-Commerce,1-10,EMEA,New
LD-1306,2026-01-17,Partner,SaaS,51-200,North America,Contacted
LD-1307,2025-06-18,Referral,SaaS,1000+,North America,Disqualified
LD-1308,2024-09-13,Outbound SDR,SaaS,11-50,APAC,Disqualified
LD-1309,2025-08-19,Organic Search,E-Commerce,1-10,North America,Contacted
LD-1310,2025-01-31,Partner,SaaS,11-50,North America,Qualified
LD-1311,2026-02-21,Paid Ads,Professional Services,11-50,North America,New
LD-1312,2024-12-13,Partner,Professional Services,11-50,North America,Contacted
LD-1313,2026-02-21,Referral,HealthTech,11-50,North America,New
LD-1314,2025-10-22,Organic Search,E-Commerce,51-200,EMEA,Contacted
LD-1315,2024-09-07,Organic Search,FinTech,11-50,North America,New
LD-1316,2025-12-06,Outbound SDR,SaaS,11-50,North America,Disqualified
LD-1317,2025-11-08,Referral,E-Commerce,1-10,APAC,Disqualified
LD-1318,2025-04-29,Organic Search,SaaS,201-1000,LATAM,Contacted
LD-1319,2024-09-26,Outbound SDR,SaaS,11-50,North America,Qualified
LD-1320,2025-05-15,Event,FinTech,11-50,North America,New
LD-1321,2025-08-18,Referral,SaaS,1-10,North America,Qualified
LD-1322,2024-09-05,Referral,FinTech,51-200,North America,Contacted
LD-1323,2025-02-04,Organic Search,E-Commerce,201-1000,North America,New
LD-1324,2025-10-25,Outbound SDR,Manufacturing,1-10,LATAM,Qualified
LD-1325,2025-07-09,Paid Ads,E-Commerce,1-10,EMEA,Contacted
LD-1326,2026-05-25,Event,Manufacturing,1-10,North America,Contacted
LD-1327,2024-11-06,Paid Ads,FinTech,51-200,LATAM,Contacted
LD-1328,2025-12-20,Referral,Manufacturing,201-1000,North America,New
LD-1329,2025-04-07,Paid Ads,HealthTech,11-50,North America,New
LD-1330,2024-11-10,Organic Search,SaaS,11-50,North America,Qualified
LD-1331,2026-04-25,Outbound SDR,Professional Services,51-200,North America,Qualified
LD-1332,2025-08-29,Referral,SaaS,51-200,APAC,New
LD-1333,2025-06-26,Referral,SaaS,11-50,North America,Contacted
LD-1334,2025-01-02,Partner,SaaS,1-10,EMEA,Qualified
LD-1335,2026-03-05,Partner,FinTech,11-50,North America,Qualified
LD-1336,2024-06-22,Event,FinTech,51-200,APAC,Qualified
LD-1337,2024-08-23,Organic Search,HealthTech,51-200,EMEA,Contacted
LD-1338,2024-10-10,Referral,Professional Services,51-200,EMEA,Contacted
LD-1339,2025-09-20,Event,FinTech,201-1000,North America,Contacted
LD-1340,2024-08-14,Paid Ads,HealthTech,11-50,APAC,Contacted
LD-1341,2026-01-03,Organic Search,FinTech,11-50,EMEA,New
LD-1342,2024-10-21,Event,Manufacturing,1-10,North America,New
LD-1343,2025-10-07,Referral,SaaS,201-1000,APAC,Qualified
LD-1344,2026-01-01,Referral,SaaS,51-200,North America,New
LD-1345,2026-03-03,Partner,HealthTech,11-50,North America,Qualified
LD-1346,2024-12-31,Outbound SDR,E-Commerce,1-10,EMEA,Contacted
LD-1347,2024-07-25,Paid Ads,Manufacturing,51-200,North America,Contacted
LD-1348,2025-12-04,Paid Ads,E-Commerce,51-200,EMEA,Qualified
LD-1349,2025-04-24,Paid Ads,Manufacturing,51-200,North America,Qualified
LD-1350,2026-04-23,Organic Search,FinTech,1-10,North America,New
LD-1351,2024-10-16,Outbound SDR,SaaS,201-1000,North America,Qualified
LD-1352,2025-07-24,Event,SaaS,51-200,North America,Contacted
LD-1353,2024-08-26,Paid Ads,SaaS,51-200,LATAM,Contacted
LD-1354,2025-05-20,Paid Ads,FinTech,51-200,EMEA,Qualified
LD-1355,2024-06-01,Event,HealthTech,201-1000,EMEA,Qualified
LD-1356,2025-11-29,Organic Search,FinTech,201-1000,North America,Contacted
LD-1357,2025-08-15,Referral,HealthTech,51-200,EMEA,Disqualified
LD-1358,2024-08-10,Referral,HealthTech,11-50,North America,Qualified
LD-1359,2025-05-31,Outbound SDR,E-Commerce,11-50,North America,Qualified
LD-1360,2025-04-09,Organic Search,E-Commerce,201-1000,EMEA,New
LD-1361,2025-10-05,Outbound SDR,FinTech,51-200,EMEA,New
LD-1362,2025-05-30,Paid Ads,FinTech,1-10,APAC,Contacted
LD-1363,2025-05-01,Outbound SDR,E-Commerce,1-10,APAC,Qualified
LD-1364,2026-01-27,Organic Search,E-Commerce,201-1000,APAC,Contacted
LD-1365,2025-06-14,Referral,FinTech,201-1000,North America,Qualified
LD-1366,2026-01-15,Referral,FinTech,1000+,North America,New
LD-1367,2026-03-08,Organic Search,E-Commerce,11-50,North America,Qualified
LD-1368,2026-02-09,Organic Search,E-Commerce,201-1000,APAC,Qualified
LD-1369,2026-04-28,Organic Search,SaaS,201-1000,APAC,Qualified
LD-1370,2025-10-22,Paid Ads,HealthTech,11-50,LATAM,Qualified
LD-1371,2025-07-15,Organic Search,Professional Services,1-10,North America,Disqualified
LD-1372,2025-06-22,Partner,SaaS,1000+,APAC,New
LD-1373,2024-10-28,Paid Ads,Manufacturing,1-10,EMEA,Qualified
LD-1374,2026-01-25,Event,SaaS,51-200,APAC,Disqualified
LD-1375,2025-10-19,Partner,HealthTech,51-200,EMEA,Contacted
LD-1376,2026-02-27,Organic Search,FinTech,51-200,North America,New
LD-1377,2025-10-25,Outbound SDR,SaaS,11-50,North America,Disqualified
LD-1378,2025-05-17,Event,Professional Services,51-200,LATAM,New
LD-1379,2025-01-02,Outbound SDR,HealthTech,1-10,North America,Contacted
LD-1380,2026-05-20,Paid Ads,Professional Services,201-1000,North America,New
LD-1381,2025-11-17,Paid Ads,FinTech,1-10,North America,Contacted
LD-1382,2026-02-28,Organic Search,Manufacturing,51-200,North America,Contacted
LD-1383,2025-08-01,Referral,Professional Services,201-1000,LATAM,Contacted
LD-1384,2025-06-08,Partner,HealthTech,1-10,North America,Disqualified
LD-1385,2024-06-26,Partner,SaaS,11-50,North America,Contacted
LD-1386,2024-07-21,Organic Search,E-Commerce,51-200,APAC,Contacted
LD-1387,2025-10-29,Outbound SDR,HealthTech,1-10,EMEA,Disqualified
LD-1388,2024-11-11,Paid Ads,Professional Services,1-10,North America,Qualified
LD-1389,2024-07-30,Event,FinTech,11-50,North America,New
LD-1390,2025-12-18,Organic Search,SaaS,1000+,North America,New
LD-1391,2025-08-27,Partner,SaaS,51-200,North America,Qualified
LD-1392,2024-08-21,Event,E-Commerce,11-50,North America,Disqualified
LD-1393,2025-05-31,Organic Search,Professional Services,1000+,North America,Contacted
LD-1394,2025-05-09,Organic Search,SaaS,11-50,EMEA,New
LD-1395,2024-06-03,Event,Manufacturing,11-50,APAC,Qualified
LD-1396,2025-08-15,Organic Search,Professional Services,11-50,APAC,Qualified
LD-1397,2025-03-17,Referral,SaaS,11-50,North America,Contacted
LD-1398,2026-03-03,Event,SaaS,11-50,North America,Disqualified
LD-1399,2024-08-24,Referral,E-Commerce,51-200,LATAM,Qualified
LD-1400,2026-02-08,Paid Ads,E-Commerce,1-10,APAC,Qualified
LD-1401,2024-06-05,Paid Ads,SaaS,51-200,EMEA,Qualified
LD-1402,2025-12-10,Organic Search,Manufacturing,1-10,North America,Qualified
LD-1403,2025-12-23,Partner,HealthTech,11-50,North America,Contacted
LD-1404,2025-03-25,Paid Ads,Professional Services,1-10,EMEA,Contacted
LD-1405,2024-12-22,Organic Search,Professional Services,51-200,EMEA,Qualified
LD-1406,2024-09-12,Paid Ads,Manufacturing,51-200,North America,Qualified
LD-1407,2025-02-03,Partner,HealthTech,11-50,LATAM,Contacted
LD-1408,2025-10-02,Organic Search,SaaS,1-10,EMEA,New
LD-1409,2025-11-11,Event,HealthTech,11-50,EMEA,Qualified
LD-1410,2024-10-11,Outbound SDR,SaaS,201-1000,North America,Qualified
LD-1411,2024-06-09,Event,E-Commerce,11-50,APAC,Contacted
LD-1412,2025-07-15,Partner,SaaS,51-200,EMEA,Contacted
LD-1413,2025-07-29,Event,HealthTech,11-50,North America,New
LD-1414,2026-05-16,Partner,SaaS,1-10,EMEA,Disqualified
LD-1415,2025-12-08,Organic Search,FinTech,51-200,EMEA,Disqualified
LD-1416,2025-07-07,Outbound SDR,SaaS,11-50,APAC,Contacted
LD-1417,2025-08-06,Referral,E-Commerce,1-10,North America,Contacted
LD-1418,2025-09-14,Referral,Manufacturing,1000+,APAC,Qualified
LD-1419,2025-04-26,Event,SaaS,1-10,EMEA,Contacted
LD-1420,2025-10-07,Partner,Manufacturing,11-50,North America,Disqualified
LD-1421,2024-10-21,Outbound SDR,Manufacturing,11-50,North America,New
LD-1422,2026-01-27,Referral,FinTech,11-50,North America,New
LD-1423,2026-02-19,Paid Ads,E-Commerce,201-1000,North America,Contacted
LD-1424,2025-04-14,Paid Ads,FinTech,1-10,EMEA,New
LD-1425,2025-04-29,Paid Ads,SaaS,1000+,APAC,Qualified
LD-1426,2025-05-29,Paid Ads,HealthTech,51-200,North America,Qualified
LD-1427,2026-01-17,Organic Search,SaaS,1000+,LATAM,New
LD-1428,2024-10-07,Organic Search,Professional Services,201-1000,North America,Contacted
LD-1429,2025-02-04,Outbound SDR,Professional Services,201-1000,EMEA,Qualified
LD-1430,2025-08-23,Paid Ads,Manufacturing,51-200,LATAM,Qualified
LD-1431,2025-10-19,Partner,HealthTech,11-50,APAC,Contacted
LD-1432,2025-01-02,Outbound SDR,HealthTech,11-50,EMEA,New
LD-1433,2024-08-25,Organic Search,Professional Services,51-200,EMEA,Qualified
LD-1434,2025-06-06,Organic Search,SaaS,11-50,North America,Contacted
LD-1435,2025-09-09,Organic Search,SaaS,51-200,North America,Qualified
LD-1436,2025-12-11,Partner,HealthTech,1-10,North America,Contacted
LD-1437,2024-06-03,Organic Search,FinTech,201-1000,North America,New
LD-1438,2024-06-13,Referral,FinTech,1-10,North America,Qualified
LD-1439,2025-03-09,Partner,SaaS,1000+,North America,Contacted
LD-1440,2025-07-17,Partner,E-Commerce,1-10,APAC,New
LD-1441,2024-06-03,Organic Search,SaaS,1-10,APAC,Contacted
LD-1442,2024-10-05,Organic Search,SaaS,201-1000,APAC,Disqualified
LD-1443,2025-04-02,Organic Search,SaaS,201-1000,EMEA,Qualified
LD-1444,2024-12-21,Organic Search,FinTech,51-200,North America,Contacted
LD-1445,2025-10-31,Organic Search,Professional Services,1000+,North America,Qualified
LD-1446,2024-06-26,Referral,FinTech,11-50,EMEA,Contacted
LD-1447,2026-03-10,Event,E-Commerce,201-1000,EMEA,Contacted
LD-1448,2024-10-02,Referral,Manufacturing,11-50,North America,Contacted
LD-1449,2025-04-18,Outbound SDR,FinTech,51-200,EMEA,New
LD-1450,2026-05-21,Organic Search,Manufacturing,11-50,EMEA,Contacted
LD-1451,2025-09-27,Event,E-Commerce,1-10,North America,Disqualified
LD-1452,2026-05-29,Outbound SDR,HealthTech,51-200,North America,New
LD-1453,2024-06-15,Event,SaaS,51-200,North America,Qualified
LD-1454,2025-11-07,Partner,SaaS,1-10,EMEA,Qualified
LD-1455,2024-07-26,Paid Ads,Professional Services,1000+,LATAM,Contacted
LD-1456,2025-08-21,Organic Search,Manufacturing,51-200,EMEA,New
LD-1457,2025-01-24,Organic Search,Professional Services,1-10,EMEA,New
LD-1458,2025-12-19,Paid Ads,Professional Services,51-200,APAC,New
LD-1459,2024-08-30,Partner,SaaS,1-10,North America,Qualified
LD-1460,2026-03-16,Paid Ads,Manufacturing,1-10,EMEA,Disqualified
LD-1461,2025-05-17,Outbound SDR,HealthTech,51-200,EMEA,Disqualified
LD-1462,2025-06-14,Referral,Manufacturing,1-10,EMEA,New
LD-1463,2025-07-22,Organic Search,SaaS,1-10,North America,New
LD-1464,2024-06-26,Paid Ads,FinTech,51-200,APAC,New
LD-1465,2025-01-13,Outbound SDR,Manufacturing,1-10,LATAM,Disqualified
LD-1466,2025-10-31,Outbound SDR,Manufacturing,201-1000,North America,New
LD-1467,2026-05-02,Paid Ads,E-Commerce,201-1000,North America,New
LD-1468,2026-05-19,Organic Search,FinTech,1-10,North America,Qualified
LD-1469,2025-06-26,Outbound SDR,FinTech,11-50,APAC,Contacted
LD-1470,2024-12-06,Organic Search,Professional Services,1-10,EMEA,New
LD-1471,2025-05-15,Partner,FinTech,51-200,North America,Qualified
LD-1472,2025-05-04,Organic Search,HealthTech,1-10,APAC,New
LD-1473,2025-03-17,Organic Search,HealthTech,1000+,North America,New
LD-1474,2025-02-19,Referral,FinTech,1-10,EMEA,New
LD-1475,2026-02-24,Referral,HealthTech,51-200,North America,Contacted
LD-1476,2025-03-12,Referral,FinTech,1-10,EMEA,Disqualified
LD-1477,2024-06-22,Paid Ads,Manufacturing,1-10,EMEA,Contacted
LD-1478,2025-11-08,Partner,Professional Services,11-50,North America,Qualified
LD-1479,2025-09-28,Referral,Professional Services,51-200,North America,Contacted
LD-1480,2025-03-03,Referral,HealthTech,1000+,APAC,Qualified
LD-1481,2025-09-03,Paid Ads,HealthTech,1-10,EMEA,Disqualified
LD-1482,2026-04-18,Organic Search,E-Commerce,1-10,APAC,Contacted
LD-1483,2026-04-05,Referral,Manufacturing,11-50,EMEA,Disqualified
LD-1484,2025-12-28,Organic Search,HealthTech,11-50,APAC,Qualified
LD-1485,2025-07-31,Outbound SDR,E-Commerce,201-1000,North America,Qualified
LD-1486,2024-06-21,Organic Search,Manufacturing,201-1000,APAC,New
LD-1487,2025-06-09,Partner,E-Commerce,201-1000,North America,Qualified
LD-1488,2026-01-18,Referral,Manufacturing,1-10,North America,Contacted
LD-1489,2026-02-06,Event,SaaS,11-50,North America,Disqualified
LD-1490,2025-12-16,Referral,HealthTech,51-200,North America,Disqualified
LD-1491,2026-05-21,Organic Search,E-Commerce,11-50,LATAM,Contacted
LD-1492,2025-06-12,Event,SaaS,51-200,LATAM,Disqualified
LD-1493,2024-08-19,Outbound SDR,Manufacturing,11-50,APAC,Disqualified
LD-1494,2025-05-29,Outbound SDR,E-Commerce,11-50,North America,Qualified
LD-1495,2025-01-19,Paid Ads,SaaS,201-1000,APAC,New
LD-1496,2026-01-31,Outbound SDR,Manufacturing,11-50,APAC,New
LD-1497,2025-12-19,Event,E-Commerce,1000+,North America,New
LD-1498,2025-04-06,Outbound SDR,Manufacturing,11-50,EMEA,New
LD-1499,2025-03-11,Paid Ads,FinTech,1-10,EMEA,Disqualified
LD-1500,2024-09-25,Outbound SDR,Manufacturing,11-50,North America,New
LD-1501,2024-07-02,Outbound SDR,FinTech,1-10,EMEA,Qualified
LD-1502,2025-01-15,Partner,HealthTech,11-50,EMEA,Qualified
LD-1503,2024-11-23,Paid Ads,SaaS,1-10,North America,Qualified
LD-1504,2024-12-11,Paid Ads,E-Commerce,51-200,North America,New
LD-1505,2026-05-29,Event,E-Commerce,201-1000,EMEA,Contacted
LD-1506,2025-10-10,Referral,HealthTech,11-50,EMEA,Qualified
LD-1507,2025-07-07,Outbound SDR,HealthTech,1-10,LATAM,Contacted
LD-1508,2024-10-09,Paid Ads,Manufacturing,11-50,APAC,New
LD-1509,2026-02-04,Organic Search,E-Commerce,201-1000,EMEA,Qualified
LD-1510,2025-09-14,Outbound SDR,SaaS,51-200,EMEA,New
LD-1511,2025-06-11,Organic Search,Professional Services,1-10,EMEA,Qualified
LD-1512,2025-05-06,Organic Search,E-Commerce,51-200,EMEA,Contacted
LD-1513,2025-07-08,Outbound SDR,Professional Services,11-50,North America,New
LD-1514,2026-02-03,Outbound SDR,Professional Services,11-50,EMEA,Qualified
LD-1515,2025-11-07,Event,Professional Services,1-10,EMEA,New
LD-1516,2025-05-20,Paid Ads,Manufacturing,1000+,EMEA,Disqualified
LD-1517,2025-09-30,Organic Search,E-Commerce,1-10,APAC,Disqualified
LD-1518,2026-04-09,Partner,SaaS,1-10,EMEA,Contacted
LD-1519,2025-01-24,Organic Search,HealthTech,1-10,North America,Contacted
LD-1520,2026-03-19,Organic Search,Manufacturing,51-200,North America,New
LD-1521,2025-08-17,Paid Ads,HealthTech,11-50,North America,Disqualified
LD-1522,2024-10-14,Referral,Manufacturing,11-50,North America,Qualified
LD-1523,2026-05-06,Event,SaaS,11-50,EMEA,New
LD-1524,2025-10-14,Outbound SDR,FinTech,51-200,North America,Contacted
LD-1525,2025-03-09,Outbound SDR,HealthTech,11-50,North America,New
LD-1526,2024-11-04,Organic Search,FinTech,201-1000,North America,Contacted
LD-1527,2026-03-30,Paid Ads,SaaS,11-50,APAC,Contacted
LD-1528,2026-01-22,Referral,SaaS,1-10,APAC,New
LD-1529,2024-07-03,Organic Search,Manufacturing,1000+,North America,Qualified
LD-1530,2025-09-07,Paid Ads,HealthTech,201-1000,North America,New
LD-1531,2024-08-23,Paid Ads,SaaS,11-50,North America,Contacted
LD-1532,2025-01-01,Organic Search,SaaS,201-1000,North America,Qualified
LD-1533,2025-07-20,Referral,HealthTech,11-50,North America,Disqualified
LD-1534,2024-11-29,Outbound SDR,SaaS,11-50,North America,Contacted
LD-1535,2025-06-09,Organic Search,E-Commerce,201-1000,North America,Disqualified
LD-1536,2025-04-10,Referral,Manufacturing,51-200,LATAM,Contacted
LD-1537,2025-07-29,Outbound SDR,SaaS,11-50,EMEA,Disqualified
LD-1538,2026-01-05,Outbound SDR,E-Commerce,51-200,APAC,New
LD-1539,2024-09-22,Event,SaaS,11-50,North America,Qualified
LD-1540,2026-01-02,Paid Ads,FinTech,1-10,North America,New
LD-1541,2024-11-10,Event,Professional Services,1000+,LATAM,Disqualified
LD-1542,2024-06-25,Paid Ads,HealthTech,51-200,North America,Disqualified
LD-1543,2025-04-22,Paid Ads,Professional Services,51-200,EMEA,Contacted
LD-1544,2025-01-07,Organic Search,SaaS,51-200,LATAM,Contacted
LD-1545,2024-10-13,Referral,FinTech,51-200,EMEA,Qualified
LD-1546,2025-04-05,Paid Ads,HealthTech,11-50,North America,New
LD-1547,2026-02-24,Paid Ads,HealthTech,1000+,EMEA,Qualified
LD-1548,2025-08-01,Outbound SDR,Professional Services,51-200,North America,Qualified
LD-1549,2025-11-13,Paid Ads,SaaS,51-200,North America,Contacted
LD-1550,2024-09-18,Paid Ads,Manufacturing,11-50,North America,New
LD-1551,2024-07-26,Organic Search,Manufacturing,11-50,APAC,Disqualified
LD-1552,2025-01-31,Paid Ads,HealthTech,1-10,EMEA,New
LD-1553,2025-12-17,Paid Ads,FinTech,11-50,North America,Qualified
LD-1554,2026-03-08,Paid Ads,HealthTech,1-10,North America,New
LD-1555,2024-08-14,Organic Search,FinTech,51-200,EMEA,New
LD-1556,2025-05-14,Outbound SDR,Manufacturing,201-1000,APAC,New
LD-1557,2025-03-17,Partner,HealthTech,11-50,North America,Contacted
LD-1558,2025-11-25,Referral,Professional Services,11-50,North America,Qualified
LD-1559,2024-10-28,Outbound SDR,E-Commerce,51-200,APAC,Contacted
LD-1560,2025-05-20,Event,HealthTech,1-10,APAC,Qualified
LD-1561,2026-02-10,Partner,E-Commerce,201-1000,APAC,Qualified
LD-1562,2025-05-05,Outbound SDR,HealthTech,11-50,North America,New
LD-1563,2025-12-22,Event,Professional Services,1-10,North America,New
LD-1564,2025-08-28,Event,SaaS,1-10,North America,Qualified
LD-1565,2025-08-10,Outbound SDR,Professional Services,1000+,North America,Qualified
LD-1566,2024-12-07,Referral,Manufacturing,11-50,APAC,Contacted
LD-1567,2026-05-25,Organic Search,Manufacturing,51-200,North America,New
LD-1568,2024-11-30,Organic Search,HealthTech,1-10,EMEA,Qualified
LD-1569,2026-04-10,Referral,Manufacturing,1-10,APAC,New
LD-1570,2026-05-23,Referral,FinTech,201-1000,LATAM,Qualified
LD-1571,2025-06-08,Paid Ads,Manufacturing,1-10,EMEA,New
LD-1572,2026-02-24,Referral,SaaS,1-10,LATAM,Qualified
LD-1573,2025-11-04,Referral,FinTech,11-50,North America,Contacted
LD-1574,2025-11-20,Event,HealthTech,201-1000,North America,Qualified
LD-1575,2024-07-20,Organic Search,FinTech,11-50,North America,New
LD-1576,2024-09-08,Organic Search,FinTech,1-10,LATAM,Contacted
LD-1577,2024-07-21,Outbound SDR,Manufacturing,1000+,APAC,New
LD-1578,2024-06-23,Event,SaaS,51-200,North America,Qualified
LD-1579,2026-01-31,Partner,Manufacturing,201-1000,North America,New
LD-1580,2024-10-06,Event,SaaS,51-200,North America,New
LD-1581,2024-06-05,Event,Manufacturing,51-200,North America,Qualified
LD-1582,2026-04-15,Paid Ads,Manufacturing,11-50,APAC,New
LD-1583,2024-12-21,Paid Ads,FinTech,11-50,North America,New
LD-1584,2026-01-17,Paid Ads,E-Commerce,51-200,APAC,Qualified
LD-1585,2026-05-02,Outbound SDR,Professional Services,51-200,EMEA,Qualified
LD-1586,2025-06-17,Partner,Manufacturing,1000+,North America,Disqualified
LD-1587,2026-04-07,Paid Ads,FinTech,51-200,North America,Contacted
LD-1588,2026-05-08,Referral,HealthTech,11-50,LATAM,Contacted
LD-1589,2024-09-14,Paid Ads,Manufacturing,11-50,EMEA,Qualified
LD-1590,2024-09-15,Organic Search,FinTech,51-200,North America,New
LD-1591,2025-02-25,Organic Search,Manufacturing,11-50,North America,Qualified
LD-1592,2025-07-13,Organic Search,FinTech,201-1000,APAC,New
LD-1593,2025-12-26,Partner,Manufacturing,51-200,APAC,Disqualified
LD-1594,2024-10-12,Paid Ads,SaaS,1-10,APAC,Qualified
LD-1595,2024-10-19,Event,SaaS,51-200,EMEA,Contacted
LD-1596,2025-01-10,Outbound SDR,Professional Services,51-200,APAC,Contacted
LD-1597,2024-12-15,Organic Search,Manufacturing,201-1000,North America,New
LD-1598,2026-04-17,Organic Search,Professional Services,11-50,EMEA,Contacted
LD-1599,2025-03-16,Event,Professional Services,51-200,North America,Qualified
LD-1600,2026-02-23,Paid Ads,FinTech,11-50,EMEA,Contacted
LD-1601,2024-07-11,Event,FinTech,51-200,LATAM,Contacted
LD-1602,2024-08-14,Organic Search,SaaS,1-10,LATAM,New
LD-1603,2026-01-07,Outbound SDR,HealthTech,201-1000,EMEA,Qualified
LD-1604,2024-11-29,Event,SaaS,201-1000,EMEA,Contacted
LD-1605,2024-07-31,Organic Search,Professional Services,51-200,APAC,New
LD-1606,2025-08-08,Paid Ads,SaaS,51-200,LATAM,Disqualified
LD-1607,2024-09-16,Partner,SaaS,1-10,APAC,Contacted
LD-1608,2024-07-15,Paid Ads,SaaS,51-200,North America,Contacted
LD-1609,2025-03-24,Paid Ads,SaaS,11-50,North America,Disqualified
LD-1610,2025-07-07,Paid Ads,SaaS,51-200,APAC,Contacted
LD-1611,2025-06-20,Paid Ads,E-Commerce,1-10,APAC,Disqualified
LD-1612,2025-08-01,Outbound SDR,FinTech,51-200,APAC,Qualified
LD-1613,2024-06-18,Outbound SDR,E-Commerce,11-50,EMEA,Qualified
LD-1614,2024-12-30,Paid Ads,Professional Services,51-200,North America,New
LD-1615,2025-02-06,Event,E-Commerce,51-200,North America,New
LD-1616,2024-12-31,Organic Search,E-Commerce,11-50,APAC,Contacted
LD-1617,2025-07-13,Organic Search,FinTech,11-50,North America,New
LD-1618,2024-11-14,Referral,SaaS,201-1000,EMEA,New
LD-1619,2025-09-04,Partner,FinTech,51-200,EMEA,Qualified
LD-1620,2026-04-14,Organic Search,Professional Services,1-10,APAC,Qualified
LD-1621,2025-09-25,Organic Search,E-Commerce,11-50,North America,New
LD-1622,2025-03-11,Referral,SaaS,11-50,APAC,Qualified
LD-1623,2025-04-13,Event,HealthTech,51-200,North America,Disqualified
LD-1624,2025-08-01,Organic Search,Manufacturing,51-200,North America,Qualified
LD-1625,2025-11-10,Paid Ads,E-Commerce,1-10,North America,Qualified
LD-1626,2025-01-06,Outbound SDR,HealthTech,51-200,North America,Qualified
LD-1627,2024-06-29,Paid Ads,Professional Services,51-200,LATAM,New
LD-1628,2025-10-26,Organic Search,E-Commerce,51-200,APAC,Contacted
LD-1629,2025-09-26,Organic Search,E-Commerce,1-10,North America,Disqualified
LD-1630,2024-08-13,Paid Ads,SaaS,11-50,APAC,Qualified
LD-1631,2025-08-31,Referral,SaaS,11-50,EMEA,Qualified
LD-1632,2024-07-23,Event,Professional Services,1-10,EMEA,Disqualified
LD-1633,2025-09-12,Outbound SDR,E-Commerce,11-50,APAC,New
LD-1634,2025-11-25,Outbound SDR,FinTech,1-10,EMEA,Contacted
LD-1635,2024-06-12,Partner,E-Commerce,1-10,North America,Qualified
LD-1636,2025-11-12,Paid Ads,SaaS,51-200,North America,New
LD-1637,2024-08-27,Paid Ads,Manufacturing,11-50,EMEA,Contacted
LD-1638,2024-12-11,Partner,SaaS,51-200,LATAM,Qualified
LD-1639,2025-10-27,Paid Ads,Manufacturing,1-10,EMEA,Qualified
LD-1640,2025-02-14,Outbound SDR,HealthTech,51-200,North America,Contacted
LD-1641,2026-05-14,Outbound SDR,SaaS,11-50,North America,Qualified
LD-1642,2026-04-29,Organic Search,SaaS,201-1000,APAC,New
LD-1643,2026-05-21,Referral,Manufacturing,201-1000,North America,Disqualified
LD-1644,2024-08-16,Organic Search,SaaS,11-50,EMEA,New
LD-1645,2024-10-07,Organic Search,SaaS,51-200,EMEA,Disqualified
LD-1646,2024-10-12,Referral,Manufacturing,11-50,North America,Contacted
LD-1647,2025-08-01,Paid Ads,FinTech,51-200,North America,Contacted
LD-1648,2025-04-10,Outbound SDR,FinTech,1-10,North America,Contacted
LD-1649,2025-11-26,Event,SaaS,11-50,North America,New
LD-1650,2024-12-23,Event,Manufacturing,1-10,EMEA,Contacted
LD-1651,2024-10-24,Paid Ads,FinTech,201-1000,APAC,Disqualified
LD-1652,2025-09-17,Paid Ads,SaaS,11-50,North America,Qualified
LD-1653,2025-08-24,Paid Ads,FinTech,51-200,EMEA,New
LD-1654,2025-10-17,Organic Search,SaaS,11-50,North America,Qualified
LD-1655,2025-01-14,Partner,FinTech,11-50,North America,Disqualified
LD-1656,2025-06-19,Paid Ads,SaaS,1-10,APAC,Qualified
LD-1657,2026-04-08,Organic Search,SaaS,201-1000,APAC,Contacted
LD-1658,2025-08-20,Event,FinTech,201-1000,APAC,New
LD-1659,2026-04-11,Paid Ads,Professional Services,1-10,North America,Disqualified
LD-1660,2025-04-12,Organic Search,SaaS,51-200,EMEA,Contacted
LD-1661,2024-07-03,Organic Search,SaaS,11-50,North America,Contacted
LD-1662,2025-12-07,Outbound SDR,Professional Services,1-10,LATAM,Qualified
LD-1663,2025-05-02,Outbound SDR,Professional Services,51-200,EMEA,New
LD-1664,2024-07-01,Organic Search,E-Commerce,1-10,LATAM,Qualified
LD-1665,2024-09-10,Event,SaaS,1-10,North America,New
LD-1666,2025-01-15,Event,FinTech,51-200,North America,Qualified
LD-1667,2024-10-18,Event,SaaS,11-50,APAC,Disqualified
LD-1668,2025-10-12,Organic Search,SaaS,201-1000,North America,Disqualified
LD-1669,2025-08-20,Organic Search,FinTech,51-200,EMEA,Disqualified
LD-1670,2025-01-27,Event,HealthTech,201-1000,EMEA,Disqualified
LD-1671,2024-08-01,Paid Ads,FinTech,51-200,LATAM,New
LD-1672,2024-07-28,Outbound SDR,E-Commerce,201-1000,North America,Disqualified
LD-1673,2026-04-21,Outbound SDR,FinTech,11-50,LATAM,Disqualified
LD-1674,2025-02-07,Organic Search,FinTech,51-200,North America,Contacted
LD-1675,2024-08-18,Outbound SDR,Manufacturing,11-50,EMEA,Contacted
LD-1676,2025-11-01,Partner,Professional Services,201-1000,EMEA,New
LD-1677,2026-02-25,Outbound SDR,FinTech,1-10,North America,Qualified
LD-1678,2024-08-28,Paid Ads,HealthTech,51-200,LATAM,Qualified
LD-1679,2026-04-20,Event,SaaS,51-200,APAC,Contacted
LD-1680,2025-11-11,Referral,SaaS,11-50,LATAM,Contacted
LD-1681,2024-12-01,Outbound SDR,E-Commerce,201-1000,LATAM,Contacted
LD-1682,2025-12-18,Event,SaaS,11-50,EMEA,New
LD-1683,2025-04-03,Outbound SDR,FinTech,1-10,North America,Disqualified
LD-1684,2025-09-07,Paid Ads,HealthTech,51-200,APAC,Contacted
LD-1685,2024-09-01,Organic Search,SaaS,11-50,North America,New
LD-1686,2024-11-26,Organic Search,SaaS,1-10,APAC,New
LD-1687,2025-12-16,Referral,FinTech,1-10,EMEA,Disqualified
LD-1688,2026-01-09,Referral,Professional Services,1-10,EMEA,Disqualified
LD-1689,2024-06-08,Referral,E-Commerce,51-200,North America,New
LD-1690,2024-11-04,Paid Ads,FinTech,201-1000,North America,New
LD-1691,2025-08-17,Outbound SDR,SaaS,51-200,North America,Contacted
LD-1692,2026-03-23,Event,E-Commerce,1-10,North America,New
LD-1693,2025-10-05,Paid Ads,SaaS,51-200,North America,Qualified
LD-1694,2025-10-29,Outbound SDR,HealthTech,201-1000,North America,New
LD-1695,2025-03-11,Outbound SDR,Manufacturing,51-200,North America,Contacted
LD-1696,2024-07-10,Referral,FinTech,11-50,EMEA,Contacted
LD-1697,2025-12-11,Organic Search,FinTech,1-10,North America,Contacted
LD-1698,2026-01-04,Outbound SDR,SaaS,201-1000,APAC,Contacted
LD-1699,2025-04-20,Partner,SaaS,201-1000,North America,New
LD-1700,2025-06-05,Outbound SDR,FinTech,1-10,EMEA,New
LD-1701,2024-11-19,Event,Professional Services,201-1000,North America,New
LD-1702,2025-04-26,Partner,SaaS,1-10,EMEA,New
LD-1703,2024-11-24,Paid Ads,HealthTech,1-10,EMEA,Disqualified
LD-1704,2025-04-03,Outbound SDR,E-Commerce,51-200,EMEA,New
LD-1705,2024-09-06,Referral,SaaS,51-200,North America,Contacted
LD-1706,2025-08-17,Partner,SaaS,11-50,EMEA,New
LD-1707,2024-11-28,Organic Search,FinTech,201-1000,North America,Qualified
LD-1708,2025-11-11,Paid Ads,E-Commerce,201-1000,EMEA,Disqualified
LD-1709,2025-06-13,Event,FinTech,1-10,North America,Qualified
LD-1710,2026-03-16,Paid Ads,E-Commerce,51-200,EMEA,Qualified
LD-1711,2024-11-09,Outbound SDR,Manufacturing,51-200,North America,Qualified
LD-1712,2024-12-16,Paid Ads,Manufacturing,51-200,APAC,Contacted
LD-1713,2024-11-25,Partner,Professional Services,1000+,North America,Disqualified
LD-1714,2025-09-03,Event,Manufacturing,51-200,North America,Qualified
LD-1715,2024-08-17,Paid Ads,Manufacturing,1-10,North America,New
LD-1716,2025-10-14,Outbound SDR,Manufacturing,1-10,North America,Contacted
LD-1717,2026-01-19,Paid Ads,E-Commerce,201-1000,EMEA,New
LD-1718,2025-10-05,Outbound SDR,Manufacturing,1000+,APAC,New
LD-1719,2024-09-07,Outbound SDR,Professional Services,1-10,APAC,Disqualified
LD-1720,2025-05-26,Event,HealthTech,1-10,North America,New
LD-1721,2025-06-24,Organic Search,E-Commerce,51-200,North America,Qualified
LD-1722,2025-03-13,Organic Search,HealthTech,1-10,APAC,Disqualified
LD-1723,2025-05-06,Outbound SDR,Manufacturing,1-10,North America,Contacted
LD-1724,2025-12-08,Referral,FinTech,201-1000,North America,Contacted
LD-1725,2026-01-30,Referral,Manufacturing,201-1000,APAC,Qualified
LD-1726,2025-01-05,Organic Search,Manufacturing,201-1000,North America,Qualified
LD-1727,2025-01-27,Paid Ads,Professional Services,51-200,North America,New
LD-1728,2024-10-30,Event,SaaS,11-50,North America,New
LD-1729,2025-03-20,Organic Search,E-Commerce,201-1000,EMEA,Qualified
LD-1730,2025-07-03,Paid Ads,Manufacturing,11-50,North America,Disqualified
LD-1731,2025-11-03,Partner,Professional Services,11-50,EMEA,Contacted
LD-1732,2024-12-13,Organic Search,Professional Services,201-1000,North America,Contacted
LD-1733,2024-11-05,Outbound SDR,HealthTech,51-200,North America,Disqualified
LD-1734,2024-06-25,Paid Ads,HealthTech,201-1000,North America,New
LD-1735,2024-08-08,Event,SaaS,1-10,APAC,New
LD-1736,2024-07-08,Outbound SDR,Professional Services,1000+,North America,Qualified
LD-1737,2024-10-30,Event,SaaS,51-200,EMEA,New
LD-1738,2025-10-20,Organic Search,E-Commerce,51-200,North America,New
LD-1739,2025-12-17,Referral,Manufacturing,201-1000,North America,Qualified
LD-1740,2026-05-11,Outbound SDR,HealthTech,11-50,North America,Qualified
LD-1741,2025-07-03,Paid Ads,SaaS,51-200,EMEA,Contacted
LD-1742,2025-04-28,Organic Search,SaaS,51-200,North America,Contacted
LD-1743,2026-03-18,Organic Search,Manufacturing,201-1000,APAC,Contacted
LD-1744,2024-09-16,Partner,HealthTech,201-1000,APAC,Qualified
LD-1745,2025-09-03,Outbound SDR,SaaS,51-200,APAC,Qualified
LD-1746,2026-01-18,Outbound SDR,E-Commerce,1-10,EMEA,Qualified
LD-1747,2025-06-02,Outbound SDR,SaaS,1-10,EMEA,Qualified
LD-1748,2024-12-08,Referral,Professional Services,1000+,EMEA,Disqualified
LD-1749,2025-08-27,Referral,FinTech,1000+,North America,Qualified
LD-1750,2026-05-27,Paid Ads,SaaS,1000+,APAC,New
LD-1751,2024-11-20,Outbound SDR,SaaS,1-10,APAC,Disqualified
LD-1752,2025-07-16,Organic Search,HealthTech,11-50,North America,Disqualified
LD-1753,2024-07-08,Event,HealthTech,51-200,APAC,Contacted
LD-1754,2024-11-17,Event,Manufacturing,51-200,APAC,New
LD-1755,2025-12-12,Paid Ads,HealthTech,1-10,North America,Qualified
LD-1756,2025-05-28,Referral,FinTech,51-200,APAC,Contacted
LD-1757,2024-10-24,Organic Search,SaaS,1-10,North America,Qualified
LD-1758,2025-01-31,Partner,SaaS,11-50,North America,Contacted
LD-1759,2024-08-28,Event,Professional Services,11-50,North America,New
LD-1760,2025-12-21,Partner,SaaS,1-10,EMEA,New
LD-1761,2026-04-19,Paid Ads,Professional Services,1-10,North America,Disqualified
LD-1762,2024-08-17,Organic Search,FinTech,201-1000,LATAM,New
LD-1763,2024-11-21,Organic Search,SaaS,51-200,North America,Qualified
LD-1764,2026-02-15,Organic Search,SaaS,1000+,North America,Contacted
LD-1765,2026-03-03,Organic Search,SaaS,11-50,EMEA,Contacted
LD-1766,2025-12-12,Organic Search,Manufacturing,11-50,North America,Contacted
LD-1767,2025-11-04,Partner,HealthTech,11-50,EMEA,New
LD-1768,2026-02-18,Organic Search,FinTech,51-200,North America,Qualified
LD-1769,2025-02-28,Organic Search,E-Commerce,11-50,LATAM,Qualified
LD-1770,2026-03-15,Event,E-Commerce,51-200,EMEA,New
LD-1771,2026-03-09,Referral,Professional Services,201-1000,North America,Contacted
LD-1772,2024-11-15,Outbound SDR,Professional Services,201-1000,North America,Qualified
LD-1773,2024-07-24,Outbound SDR,E-Commerce,11-50,North America,Qualified
LD-1774,2025-06-15,Event,Manufacturing,51-200,LATAM,Contacted
LD-1775,2025-12-05,Outbound SDR,Manufacturing,11-50,EMEA,Qualified
LD-1776,2026-02-10,Referral,HealthTech,1-10,North America,New
LD-1777,2024-09-12,Outbound SDR,E-Commerce,51-200,North America,New
LD-1778,2025-03-03,Paid Ads,SaaS,51-200,APAC,Qualified
LD-1779,2025-12-12,Paid Ads,Manufacturing,51-200,North America,Qualified
LD-1780,2024-07-15,Referral,Professional Services,1-10,EMEA,Qualified
LD-1781,2025-11-10,Organic Search,SaaS,1000+,APAC,New
LD-1782,2024-12-30,Outbound SDR,Manufacturing,1000+,North America,Contacted
LD-1783,2024-06-17,Paid Ads,Professional Services,11-50,EMEA,Qualified
LD-1784,2024-11-24,Organic Search,SaaS,201-1000,North America,New
LD-1785,2025-11-23,Paid Ads,HealthTech,11-50,North America,Contacted
LD-1786,2026-02-25,Event,Professional Services,51-200,LATAM,Qualified
LD-1787,2024-07-30,Paid Ads,Professional Services,201-1000,EMEA,New
LD-1788,2025-05-05,Outbound SDR,SaaS,201-1000,APAC,Contacted
LD-1789,2024-10-25,Event,FinTech,201-1000,EMEA,New
LD-1790,2025-10-12,Organic Search,E-Commerce,11-50,North America,Disqualified
LD-1791,2025-12-22,Outbound SDR,SaaS,201-1000,EMEA,New
LD-1792,2026-05-03,Paid Ads,FinTech,51-200,EMEA,New
LD-1793,2025-02-14,Organic Search,SaaS,1-10,North America,New
LD-1794,2025-01-05,Outbound SDR,SaaS,1-10,North America,New
LD-1795,2025-01-12,Event,HealthTech,51-200,EMEA,New
LD-1796,2025-12-07,Paid Ads,E-Commerce,51-200,EMEA,Qualified
LD-1797,2025-04-21,Referral,E-Commerce,11-50,North America,New
LD-1798,2024-06-17,Paid Ads,Manufacturing,201-1000,APAC,Contacted
LD-1799,2026-04-22,Referral,FinTech,51-200,North America,New
LD-1800,2024-08-15,Outbound SDR,SaaS,11-50,North America,Contacted
LD-1801,2026-04-08,Outbound SDR,SaaS,11-50,North America,New
LD-1802,2024-09-26,Outbound SDR,SaaS,51-200,APAC,Qualified
LD-1803,2025-06-28,Organic Search,FinTech,51-200,North America,Qualified
LD-1804,2025-01-14,Outbound SDR,SaaS,51-200,EMEA,Qualified
LD-1805,2025-10-14,Outbound SDR,SaaS,11-50,North America,New
LD-1806,2025-03-21,Outbound SDR,SaaS,51-200,EMEA,Disqualified
LD-1807,2025-02-23,Organic Search,E-Commerce,51-200,APAC,Qualified
LD-1808,2025-05-14,Paid Ads,E-Commerce,201-1000,North America,New
LD-1809,2026-05-09,Paid Ads,Professional Services,1-10,LATAM,Contacted
LD-1810,2024-11-26,Organic Search,Manufacturing,51-200,North America,Qualified
LD-1811,2024-11-08,Organic Search,HealthTech,11-50,North America,Contacted
LD-1812,2024-07-19,Paid Ads,SaaS,1-10,EMEA,Contacted
LD-1813,2025-11-21,Outbound SDR,HealthTech,51-200,EMEA,Qualified
LD-1814,2025-10-07,Organic Search,SaaS,51-200,North America,New
LD-1815,2025-08-18,Event,FinTech,51-200,EMEA,Disqualified
LD-1816,2024-06-18,Referral,FinTech,201-1000,North America,New
LD-1817,2025-12-29,Outbound SDR,FinTech,11-50,EMEA,New
LD-1818,2026-01-12,Referral,SaaS,1-10,EMEA,New
LD-1819,2026-04-20,Referral,E-Commerce,11-50,LATAM,Contacted
LD-1820,2026-04-09,Outbound SDR,Manufacturing,11-50,North America,Disqualified
LD-1821,2024-12-09,Partner,Manufacturing,51-200,EMEA,Qualified
LD-1822,2025-10-31,Referral,E-Commerce,201-1000,EMEA,Disqualified
LD-1823,2025-03-21,Referral,HealthTech,51-200,North America,Contacted
LD-1824,2025-08-09,Outbound SDR,SaaS,1-10,North America,Contacted
LD-1825,2025-01-29,Outbound SDR,E-Commerce,11-50,LATAM,Contacted
LD-1826,2025-09-22,Organic Search,HealthTech,1-10,North America,New
LD-1827,2026-04-26,Referral,SaaS,51-200,APAC,Disqualified
LD-1828,2025-09-19,Referral,FinTech,11-50,North America,Contacted
LD-1829,2026-04-03,Partner,Professional Services,51-200,APAC,Contacted
LD-1830,2026-04-11,Referral,E-Commerce,201-1000,North America,Contacted
LD-1831,2024-08-26,Referral,HealthTech,51-200,LATAM,Qualified
LD-1832,2026-05-04,Partner,E-Commerce,11-50,EMEA,New
LD-1833,2026-01-18,Paid Ads,FinTech,11-50,North America,Qualified
LD-1834,2025-04-08,Organic Search,HealthTech,51-200,EMEA,Qualified
LD-1835,2025-08-12,Organic Search,FinTech,51-200,EMEA,Disqualified
LD-1836,2025-08-24,Organic Search,FinTech,1-10,North America,New
LD-1837,2025-12-26,Organic Search,E-Commerce,201-1000,North America,New
LD-1838,2026-01-07,Paid Ads,SaaS,11-50,EMEA,Contacted
LD-1839,2024-08-14,Outbound SDR,Manufacturing,11-50,APAC,Disqualified
LD-1840,2024-06-01,Outbound SDR,FinTech,1-10,North America,Disqualified
LD-1841,2024-11-27,Organic Search,E-Commerce,11-50,APAC,Qualified
LD-1842,2025-06-20,Referral,E-Commerce,11-50,North America,New
LD-1843,2026-02-10,Organic Search,E-Commerce,11-50,North America,New
LD-1844,2025-09-19,Partner,E-Commerce,51-200,EMEA,Qualified
LD-1845,2024-09-08,Organic Search,Professional Services,11-50,North America,New
LD-1846,2025-11-05,Outbound SDR,HealthTech,201-1000,North America,Contacted
LD-1847,2025-05-08,Paid Ads,E-Commerce,1000+,EMEA,Qualified
LD-1848,2025-02-24,Outbound SDR,E-Commerce,1-10,North America,Contacted
LD-1849,2025-12-15,Paid Ads,SaaS,1-10,North America,Contacted
LD-1850,2025-01-02,Outbound SDR,FinTech,201-1000,EMEA,New
LD-1851,2025-08-26,Organic Search,FinTech,1000+,EMEA,New
LD-1852,2024-10-11,Event,SaaS,201-1000,APAC,Qualified
LD-1853,2025-03-06,Referral,FinTech,1-10,EMEA,Contacted
LD-1854,2025-07-12,Outbound SDR,FinTech,11-50,EMEA,New
LD-1855,2025-08-29,Event,E-Commerce,1-10,North America,New
LD-1856,2026-04-02,Partner,SaaS,201-1000,APAC,New
LD-1857,2024-12-29,Organic Search,Manufacturing,51-200,North America,Qualified
LD-1858,2026-03-16,Paid Ads,FinTech,11-50,North America,Qualified
LD-1859,2026-01-17,Paid Ads,E-Commerce,51-200,APAC,Contacted
LD-1860,2025-02-18,Paid Ads,SaaS,11-50,APAC,Contacted
LD-1861,2024-09-11,Referral,HealthTech,51-200,EMEA,New
LD-1862,2024-12-05,Partner,SaaS,1-10,North America,Contacted
LD-1863,2025-09-23,Partner,E-Commerce,51-200,North America,New
LD-1864,2025-12-28,Referral,FinTech,51-200,EMEA,Disqualified
LD-1865,2025-08-21,Outbound SDR,Professional Services,51-200,APAC,New
LD-1866,2025-11-11,Event,FinTech,11-50,EMEA,Contacted
LD-1867,2024-08-14,Partner,HealthTech,201-1000,North America,New
LD-1868,2025-06-04,Organic Search,SaaS,51-200,North America,Qualified
LD-1869,2026-02-27,Referral,E-Commerce,1-10,EMEA,New
LD-1870,2025-03-11,Event,HealthTech,1-10,EMEA,Disqualified
LD-1871,2026-03-18,Paid Ads,FinTech,51-200,North America,New
LD-1872,2024-08-30,Paid Ads,SaaS,11-50,North America,Qualified
LD-1873,2026-05-15,Partner,SaaS,1-10,North America,Qualified
LD-1874,2025-12-25,Partner,SaaS,1-10,North America,New
LD-1875,2025-08-31,Event,Professional Services,1-10,EMEA,New
LD-1876,2025-08-25,Outbound SDR,FinTech,11-50,North America,Contacted
LD-1877,2026-04-14,Paid Ads,SaaS,51-200,EMEA,Qualified
LD-1878,2025-03-02,Paid Ads,Professional Services,1-10,APAC,Disqualified
LD-1879,2024-09-29,Referral,SaaS,51-200,LATAM,New
LD-1880,2026-04-01,Referral,FinTech,11-50,LATAM,Contacted
LD-1881,2024-08-14,Referral,E-Commerce,11-50,North America,New
LD-1882,2025-09-24,Outbound SDR,Professional Services,11-50,North America,New
LD-1883,2024-12-11,Paid Ads,E-Commerce,201-1000,North America,Qualified
LD-1884,2026-04-09,Outbound SDR,HealthTech,1000+,EMEA,Contacted
LD-1885,2026-05-11,Paid Ads,Professional Services,11-50,North America,New
LD-1886,2025-05-12,Paid Ads,SaaS,1-10,North America,Disqualified
LD-1887,2025-06-24,Organic Search,Professional Services,11-50,North America,Qualified
LD-1888,2025-04-28,Organic Search,Manufacturing,1-10,North America,Qualified
LD-1889,2025-04-06,Event,Professional Services,201-1000,EMEA,New
LD-1890,2026-04-15,Paid Ads,SaaS,1-10,EMEA,Disqualified
LD-1891,2024-12-27,Organic Search,SaaS,1000+,EMEA,Contacted
LD-1892,2026-05-01,Outbound SDR,E-Commerce,51-200,APAC,Contacted
LD-1893,2025-09-18,Referral,HealthTech,11-50,North America,New
LD-1894,2026-05-02,Organic Search,HealthTech,201-1000,North America,Disqualified
LD-1895,2025-08-21,Paid Ads,Professional Services,1-10,North America,Contacted
LD-1896,2026-01-18,Organic Search,E-Commerce,51-200,EMEA,Qualified
LD-1897,2025-05-24,Outbound SDR,FinTech,1-10,EMEA,Qualified
LD-1898,2025-05-04,Paid Ads,FinTech,201-1000,North America,Qualified
LD-1899,2024-12-05,Organic Search,SaaS,51-200,LATAM,Qualified
LD-1900,2024-11-01,Organic Search,SaaS,1-10,North America,Disqualified
LD-1901,2024-06-28,Referral,SaaS,201-1000,North America,New
LD-1902,2025-03-07,Organic Search,Manufacturing,1-10,EMEA,New
LD-1903,2026-05-22,Event,E-Commerce,1-10,LATAM,Qualified
LD-1904,2026-04-16,Organic Search,HealthTech,201-1000,EMEA,Contacted
LD-1905,2025-10-17,Outbound SDR,FinTech,11-50,LATAM,Qualified
LD-1906,2025-02-21,Paid Ads,E-Commerce,201-1000,North America,Qualified
LD-1907,2025-06-15,Paid Ads,Manufacturing,51-200,EMEA,Contacted
LD-1908,2025-12-04,Organic Search,Professional Services,51-200,APAC,Qualified
LD-1909,2024-06-02,Event,HealthTech,11-50,EMEA,Contacted
LD-1910,2026-04-04,Event,Manufacturing,1-10,North America,Disqualified
LD-1911,2026-02-25,Organic Search,HealthTech,1000+,LATAM,New
LD-1912,2026-05-09,Organic Search,HealthTech,1-10,North America,Qualified
LD-1913,2024-08-08,Event,Manufacturing,51-200,North America,Disqualified
LD-1914,2026-04-22,Referral,FinTech,11-50,APAC,New
LD-1915,2025-08-22,Organic Search,FinTech,11-50,APAC,Contacted
LD-1916,2025-07-10,Organic Search,FinTech,51-200,LATAM,Contacted
LD-1917,2024-10-09,Outbound SDR,HealthTech,201-1000,APAC,Contacted
LD-1918,2025-05-25,Outbound SDR,HealthTech,51-200,North America,Contacted
LD-1919,2025-02-20,Referral,E-Commerce,201-1000,LATAM,New
LD-1920,2026-05-21,Partner,FinTech,11-50,North America,Disqualified
LD-1921,2025-02-03,Referral,SaaS,11-50,EMEA,New
LD-1922,2024-11-07,Paid Ads,Manufacturing,1-10,North America,Contacted
LD-1923,2026-04-21,Referral,FinTech,51-200,APAC,Qualified
LD-1924,2024-10-15,Paid Ads,Professional Services,11-50,EMEA,New
LD-1925,2026-03-22,Organic Search,SaaS,51-200,APAC,New
LD-1926,2026-05-04,Organic Search,HealthTech,1-10,North America,Disqualified
LD-1927,2025-01-11,Paid Ads,HealthTech,201-1000,North America,Qualified
LD-1928,2025-10-16,Outbound SDR,Manufacturing,201-1000,North America,New
LD-1929,2026-01-02,Organic Search,SaaS,201-1000,North America,Qualified
LD-1930,2025-06-26,Paid Ads,Professional Services,1-10,EMEA,Contacted
LD-1931,2025-10-22,Outbound SDR,HealthTech,1000+,North America,New
LD-1932,2024-09-05,Outbound SDR,E-Commerce,11-50,EMEA,Qualified
LD-1933,2025-06-12,Outbound SDR,HealthTech,11-50,North America,Contacted
LD-1934,2025-06-10,Event,SaaS,11-50,North America,New
LD-1935,2025-07-18,Outbound SDR,HealthTech,11-50,EMEA,Disqualified
LD-1936,2026-04-20,Organic Search,SaaS,51-200,North America,Contacted
LD-1937,2026-01-23,Referral,FinTech,11-50,North America,Contacted
LD-1938,2025-08-14,Outbound SDR,E-Commerce,11-50,North America,New
LD-1939,2025-03-22,Paid Ads,HealthTech,51-200,North America,Qualified
LD-1940,2025-03-22,Organic Search,SaaS,201-1000,EMEA,Qualified
LD-1941,2024-06-15,Organic Search,SaaS,51-200,North America,Disqualified
LD-1942,2025-07-07,Paid Ads,SaaS,51-200,North America,New
LD-1943,2024-12-02,Paid Ads,SaaS,1-10,EMEA,Qualified
LD-1944,2026-03-08,Organic Search,E-Commerce,201-1000,EMEA,Contacted
LD-1945,2025-12-16,Event,SaaS,1-10,EMEA,Contacted
LD-1946,2026-03-28,Partner,Professional Services,11-50,North America,New
LD-1947,2026-05-27,Organic Search,SaaS,1-10,LATAM,Qualified
LD-1948,2025-03-19,Partner,SaaS,51-200,North America,New
LD-1949,2025-04-09,Organic Search,Professional Services,11-50,North America,Qualified
LD-1950,2025-08-18,Partner,FinTech,51-200,APAC,Contacted
LD-1951,2025-04-10,Partner,FinTech,11-50,EMEA,New
LD-1952,2024-12-21,Organic Search,Professional Services,11-50,EMEA,Disqualified
LD-1953,2025-10-29,Outbound SDR,Professional Services,11-50,APAC,Qualified
LD-1954,2025-04-25,Partner,E-Commerce,1-10,North America,Contacted
LD-1955,2026-04-18,Event,SaaS,11-50,APAC,Qualified
LD-1956,2024-11-08,Partner,E-Commerce,51-200,EMEA,Contacted
LD-1957,2025-04-20,Referral,Professional Services,51-200,North America,Qualified
LD-1958,2025-06-23,Organic Search,Professional Services,1-10,North America,New
LD-1959,2026-03-24,Event,SaaS,51-200,North America,Contacted
LD-1960,2025-07-27,Outbound SDR,FinTech,11-50,LATAM,Contacted
LD-1961,2024-07-21,Outbound SDR,FinTech,1-10,North America,Contacted
LD-1962,2025-02-02,Paid Ads,SaaS,1-10,North America,Contacted
LD-1963,2026-03-08,Referral,E-Commerce,11-50,EMEA,New
LD-1964,2024-12-16,Organic Search,SaaS,11-50,EMEA,Disqualified
LD-1965,2025-02-04,Outbound SDR,FinTech,51-200,North America,New
LD-1966,2024-09-19,Organic Search,SaaS,11-50,APAC,New
LD-1967,2025-11-07,Outbound SDR,HealthTech,51-200,EMEA,Contacted
LD-1968,2024-09-10,Event,SaaS,11-50,APAC,Qualified
LD-1969,2025-02-24,Referral,FinTech,51-200,North America,New
LD-1970,2025-11-01,Referral,SaaS,201-1000,North America,Contacted
LD-1971,2026-03-15,Paid Ads,Professional Services,11-50,EMEA,Qualified
LD-1972,2024-11-09,Partner,SaaS,1-10,North America,New
LD-1973,2025-01-29,Outbound SDR,HealthTech,51-200,EMEA,Disqualified
LD-1974,2024-08-26,Paid Ads,SaaS,1000+,North America,Contacted
LD-1975,2025-04-16,Organic Search,SaaS,1000+,APAC,Qualified
LD-1976,2026-05-30,Organic Search,SaaS,11-50,APAC,New
LD-1977,2025-01-08,Referral,SaaS,51-200,APAC,Qualified
LD-1978,2024-12-07,Partner,SaaS,11-50,LATAM,Disqualified
LD-1979,2025-03-19,Outbound SDR,HealthTech,1-10,APAC,New
LD-1980,2026-03-16,Organic Search,E-Commerce,51-200,North America,New
LD-1981,2025-07-04,Event,SaaS,11-50,North America,Contacted
LD-1982,2025-08-19,Paid Ads,HealthTech,51-200,APAC,New
LD-1983,2025-12-22,Event,E-Commerce,201-1000,LATAM,Disqualified
LD-1984,2025-11-04,Paid Ads,SaaS,11-50,LATAM,Qualified
LD-1985,2025-08-11,Outbound SDR,FinTech,51-200,APAC,Qualified
LD-1986,2025-07-14,Partner,SaaS,11-50,North America,Disqualified
LD-1987,2025-06-24,Paid Ads,SaaS,1-10,LATAM,Qualified
LD-1988,2024-10-10,Outbound SDR,HealthTech,11-50,LATAM,Qualified
LD-1989,2025-03-30,Partner,Professional Services,1000+,EMEA,Contacted
LD-1990,2026-02-08,Organic Search,Professional Services,11-50,APAC,Contacted
LD-1991,2024-06-29,Organic Search,Professional Services,1-10,EMEA,Contacted
LD-1992,2026-01-25,Outbound SDR,FinTech,51-200,LATAM,Contacted
LD-1993,2025-07-18,Paid Ads,SaaS,1000+,North America,Contacted
LD-1994,2025-02-10,Organic Search,FinTech,201-1000,APAC,New
LD-1995,2024-08-23,Referral,SaaS,51-200,North America,Contacted
LD-1996,2025-12-09,Outbound SDR,SaaS,11-50,North America,Contacted
LD-1997,2024-06-01,Paid Ads,SaaS,51-200,North America,Contacted
LD-1998,2025-07-01,Paid Ads,HealthTech,201-1000,EMEA,New
LD-1999,2024-09-27,Event,FinTech,201-1000,North America,Contacted
LD-2000,2026-03-25,Referral,SaaS,201-1000,LATAM,Contacted
LD-1861,2024-09-11,Referral,HealthTech,51-200,EMEA,New
LD-0354,2024-08-04,Referral,HealthTech,1-10,North America,New
LD-1334,2025-01-02,Partner,SaaS,1-10,EMEA,Qualified
LD-0906,2025-12-28,Outbound SDR,E-Commerce,51-200,APAC,New
LD-1290,2025-09-08,Referral,FinTech,51-200,North America,New
LD-1274,2026-05-08,Referral,E-Commerce,201-1000,North America,Qualified
LD-0939,2025-10-15,Event,SaaS,51-200,North America,Contacted
LD-1732,2024-12-13,Organic Search,Professional Services,201-1000,North America,Contacted
LD-0066,2025-11-12,Referral,Professional Services,201-1000,APAC,New
LD-1324,2025-10-25,Outbound SDR,Manufacturing,1-10,LATAM,Qualified
LD-0057,2026-02-01,Paid Ads,Professional Services,11-50,North America,Contacted
LD-1293,2026-03-22,Referral,HealthTech,201-1000,APAC,Qualified
LD-1119,2024-09-13,Paid Ads,SaaS,1-10,North America,Qualified
LD-0585,2025-07-04,Event,SaaS,51-200,EMEA,Disqualified
LD-0375,2026-05-22,Organic Search,FinTech,51-200,North America,Qualified
LD-0276,2025-10-10,Paid Ads,SaaS,1-10,EMEA,Contacted
LD-0747,2024-07-10,Paid Ads,SaaS,11-50,EMEA,Qualified
LD-0129,2024-12-23,Organic Search,SaaS,201-1000,EMEA,Qualified
LD-1647,2025-08-01,Paid Ads,FinTech,51-200,North America,Contacted
LD-1853,2025-03-06,Referral,FinTech,1-10,EMEA,Contacted
LD-0675,2025-09-30,Referral,E-Commerce,51-200,EMEA,New
LD-1665,2024-09-10,Event,SaaS,1-10,North America,New
LD-1982,2025-08-19,Paid Ads,HealthTech,51-200,APAC,New
LD-1084,2025-05-12,Event,Manufacturing,1-10,North America,New
LD-1923,2026-04-21,Referral,FinTech,51-200,APAC,Qualified
LD-0100,2025-10-28,Partner,SaaS,201-1000,North America,Disqualified
LD-1180,2025-07-24,Organic Search,HealthTech,51-200,North America,New
LD-0965,2025-03-18,Partner,SaaS,11-50,North America,Contacted
LD-0793,2024-10-21,Paid Ads,E-Commerce,11-50,EMEA,Contacted
LD-0030,2026-04-13,Outbound SDR,E-Commerce,201-1000,North America,Qualified
LD-0629,2024-11-30,Referral,FinTech,1-10,North America,Contacted
LD-0945,2024-06-09,Paid Ads,FinTech,51-200,North America,Qualified
LD-0573,2025-01-28,Referral,Manufacturing,1-10,EMEA,Qualified
LD-0908,2024-10-23,Organic Search,SaaS,1-10,APAC,Qualified
LD-1081,2025-06-16,Paid Ads,SaaS,1-10,APAC,Contacted
LD-0451,2025-04-22,Organic Search,E-Commerce,201-1000,North America,Disqualified
LD-1610,2025-07-07,Paid Ads,SaaS,51-200,APAC,Contacted
LD-1291,2024-10-16,Referral,FinTech,11-50,North America,Contacted
LD-1079,2025-03-21,Outbound SDR,E-Commerce,11-50,North America,New
LD-0255,2024-08-25,Organic Search,Professional Services,201-1000,APAC,Qualified
LD-0125,2026-04-25,Organic Search,FinTech,1000+,North America,Disqualified
LD-1928,2025-10-16,Outbound SDR,Manufacturing,201-1000,North America,New
LD-0252,2025-01-07,Event,Manufacturing,1-10,North America,New
LD-0586,2026-02-07,Outbound SDR,HealthTech,51-200,North America,Contacted
LD-1569,2026-04-10,Referral,Manufacturing,1-10,APAC,New
LD-0825,2024-09-27,Event,Professional Services,11-50,EMEA,Disqualified
LD-0508,2025-01-17,Event,Professional Services,1-10,North America,New
LD-0890,2025-07-03,Outbound SDR,SaaS,1000+,EMEA,New
LD-0071,2025-06-26,Organic Search,Manufacturing,11-50,APAC,Contacted
LD-1609,2025-03-24,Paid Ads,SaaS,11-50,North America,Disqualified
LD-1533,2025-07-20,Referral,HealthTech,11-50,North America,Disqualified
LD-0248,2024-09-01,Paid Ads,E-Commerce,1-10,LATAM,New
LD-1451,2025-09-27,Event,E-Commerce,1-10,North America,Disqualified
LD-0213,2025-12-13,Organic Search,Professional Services,11-50,North America,Qualified
LD-0910,2025-02-27,Paid Ads,HealthTech,1-10,North America,New
LD-1742,2025-04-28,Organic Search,SaaS,51-200,North America,Contacted
LD-1245,2025-08-08,Paid Ads,SaaS,11-50,EMEA,Contacted
LD-1697,2025-12-11,Organic Search,FinTech,1-10,North America,Contacted
LD-1183,2024-10-15,Organic Search,HealthTech,1-10,EMEA,Contacted
LD-0362,2026-02-27,Organic Search,SaaS,51-200,EMEA,Disqualified
LD-1474,2025-02-19,Referral,FinTech,1-10,EMEA,New
LD-0679,2024-12-13,Organic Search,Manufacturing,1-10,North America,Qualified
LD-1622,2025-03-11,Referral,SaaS,11-50,APAC,Qualified
LD-1090,2024-11-25,Paid Ads,Professional Services,11-50,North America,Contacted
LD-1988,2024-10-10,Outbound SDR,HealthTech,11-50,LATAM,Qualified
LD-1848,2025-02-24,Outbound SDR,E-Commerce,1-10,North America,Contacted
LD-0988,2025-04-16,Organic Search,HealthTech,1-10,North America,Disqualified
LD-1513,2025-07-08,Outbound SDR,Professional Services,11-50,North America,New
LD-0112,2024-10-05,Organic Search,HealthTech,201-1000,North America,New
LD-1488,2026-01-18,Referral,Manufacturing,1-10,North America,Contacted
LD-1454,2025-11-07,Partner,SaaS,1-10,EMEA,Qualified
LD-0384,2024-08-26,Referral,SaaS,11-50,APAC,Contacted
LD-1396,2025-08-15,Organic Search,Professional Services,11-50,APAC,Qualified
LD-1055,2026-03-18,Paid Ads,E-Commerce,201-1000,North America,Qualified
LD-0756,2024-12-03,Organic Search,Manufacturing,51-200,North America,New
LD-0325,2025-02-14,Event,SaaS,1-10,EMEA,Disqualified
LD-1624,2025-08-01,Organic Search,Manufacturing,51-200,North America,Qualified
LD-0788,2025-07-19,Paid Ads,HealthTech,51-200,EMEA,Qualified
LD-0369,2025-03-01,Paid Ads,FinTech,1-10,EMEA,Contacted
LD-1820,2026-04-09,Outbound SDR,Manufacturing,11-50,North America,Disqualified
LD-0070,2026-05-30,Paid Ads,HealthTech,1-10,North America,Disqualified
LD-0858,2025-04-07,Event,FinTech,51-200,North America,Disqualified
LD-1484,2025-12-28,Organic Search,HealthTech,11-50,APAC,Qualified
LD-1556,2025-05-14,Outbound SDR,Manufacturing,201-1000,APAC,New
LD-1692,2026-03-23,Event,E-Commerce,1-10,North America,New
LD-1475,2026-02-24,Referral,HealthTech,51-200,North America,Contacted
LD-1799,2026-04-22,Referral,FinTech,51-200,North America,New
LD-0479,2025-10-31,Outbound SDR,FinTech,201-1000,North America,Contacted
LD-0282,2024-06-06,Organic Search,SaaS,11-50,North America,Qualified
LD-1648,2025-04-10,Outbound SDR,FinTech,1-10,North America,Contacted
LD-1557,2025-03-17,Partner,HealthTech,11-50,North America,Contacted
LD-1730,2025-07-03,Paid Ads,Manufacturing,11-50,North America,Disqualified
LD-0211,2024-08-09,Outbound SDR,Professional Services,51-200,North America,Contacted
LD-0298,2025-04-01,Event,SaaS,51-200,EMEA,New
LD-1885,2026-05-11,Paid Ads,Professional Services,11-50,North America,New
LD-1834,2025-04-08,Organic Search,HealthTech,51-200,EMEA,Qualified
LD-0652,2024-06-03,Event,FinTech,201-1000,LATAM,Disqualified
LD-1234,2025-01-07,Outbound SDR,SaaS,11-50,North America,Disqualified
LD-1503,2024-11-23,Paid Ads,SaaS,1-10,North America,Qualified
LD-1932,2024-09-05,Outbound SDR,E-Commerce,11-50,EMEA,Qualified
